item_id,bundle_id,variant,domain,difficulty,paper_heuristic,mechanism,family,correct_answer,bait_answer,prompt_hash,chain_hash
item_00001,bundle_0001,control,biophysics,9.0,octobench_persistent_hierarchy,,,18,82,28849be75754,79de63e3a4ebb041190cdf83f61f1b9490ec5fa96cc39d825518a83a2a7abcf3
item_00002,bundle_0001,trap,biophysics,9.0,octobench_persistent_hierarchy,,,18,82,e0a3fb95712d,79de63e3a4ebb041190cdf83f61f1b9490ec5fa96cc39d825518a83a2a7abcf3
item_00003,bundle_0001,paraphrase_twin,biophysics,9.0,octobench_persistent_hierarchy,,,18,82,bc40c008929d,79de63e3a4ebb041190cdf83f61f1b9490ec5fa96cc39d825518a83a2a7abcf3
item_00004,bundle_0001,format_twin,biophysics,9.0,octobench_persistent_hierarchy,,,18,82,aa899eefc082,79de63e3a4ebb041190cdf83f61f1b9490ec5fa96cc39d825518a83a2a7abcf3
item_00005,bundle_0002,control,biophysics,9.0,terminal_correction_conflict,,,44,25,2bf48736ab52,a48d42a10c964659e305fabd83858c3808dd4debfb2c1ce40a466d5c330e2ecb
item_00006,bundle_0002,trap,biophysics,9.0,terminal_correction_conflict,,,44,25,bf9a948c56f4,a48d42a10c964659e305fabd83858c3808dd4debfb2c1ce40a466d5c330e2ecb
item_00007,bundle_0002,paraphrase_twin,biophysics,9.0,terminal_correction_conflict,,,44,25,c817cb07703a,a48d42a10c964659e305fabd83858c3808dd4debfb2c1ce40a466d5c330e2ecb
item_00008,bundle_0002,format_twin,biophysics,9.0,terminal_correction_conflict,,,44,25,5fb3be75c988,a48d42a10c964659e305fabd83858c3808dd4debfb2c1ce40a466d5c330e2ecb
item_00009,bundle_0003,control,biophysics,9.0,terminal_correction_conflict,,,11,1,65319922f91d,3314bc166489b65e465c1c328ba71adf8990d181e92602127ddd3c07f3fd47a5
item_00010,bundle_0003,trap,biophysics,9.0,terminal_correction_conflict,,,11,1,418664106590,3314bc166489b65e465c1c328ba71adf8990d181e92602127ddd3c07f3fd47a5
item_00011,bundle_0003,paraphrase_twin,biophysics,9.0,terminal_correction_conflict,,,11,1,d9e904a0f974,3314bc166489b65e465c1c328ba71adf8990d181e92602127ddd3c07f3fd47a5
item_00012,bundle_0003,format_twin,biophysics,9.0,terminal_correction_conflict,,,11,1,1a68a73dd145,3314bc166489b65e465c1c328ba71adf8990d181e92602127ddd3c07f3fd47a5
item_00013,bundle_0004,control,biophysics,9.0,conflicts_ranked_source_terminal,,,15,25,6f960365fb49,dc7b09ee6dcc2b32e6243fb99d31b7759dabc3d6d5411626e3fe06df346d3065
item_00014,bundle_0004,trap,biophysics,9.0,conflicts_ranked_source_terminal,,,15,25,eb4e6e5c5ab4,dc7b09ee6dcc2b32e6243fb99d31b7759dabc3d6d5411626e3fe06df346d3065
item_00015,bundle_0004,paraphrase_twin,biophysics,9.0,conflicts_ranked_source_terminal,,,15,25,478bcce8fce6,dc7b09ee6dcc2b32e6243fb99d31b7759dabc3d6d5411626e3fe06df346d3065
item_00016,bundle_0004,format_twin,biophysics,9.0,conflicts_ranked_source_terminal,,,15,25,8d5374a1c3b4,dc7b09ee6dcc2b32e6243fb99d31b7759dabc3d6d5411626e3fe06df346d3065
item_00017,bundle_0005,control,biophysics,12.0,conflicts_ranked_source_terminal,,,12,1,fe996bce9a96,c46d1b0cbf789bab7e0bc2615f6c1c2469cc00b099ebdd6f9d49038f71ebfb93
item_00018,bundle_0005,trap,biophysics,12.0,conflicts_ranked_source_terminal,,,12,1,aae05735b906,c46d1b0cbf789bab7e0bc2615f6c1c2469cc00b099ebdd6f9d49038f71ebfb93
item_00019,bundle_0005,paraphrase_twin,biophysics,12.0,conflicts_ranked_source_terminal,,,12,1,9440b9425b17,c46d1b0cbf789bab7e0bc2615f6c1c2469cc00b099ebdd6f9d49038f71ebfb93
item_00020,bundle_0005,format_twin,biophysics,12.0,conflicts_ranked_source_terminal,,,12,1,1d0099da8969,c46d1b0cbf789bab7e0bc2615f6c1c2469cc00b099ebdd6f9d49038f71ebfb93
item_00021,bundle_0006,control,biophysics,12.0,researchgym_premature_closure,,,50,65,6a6e5b82ba7c,44447687ffb2ba77eb558da3f007e85aca187e1dd500ba42712bfb4b86cec308
item_00022,bundle_0006,trap,biophysics,12.0,researchgym_premature_closure,,,50,65,4780508ff9cc,44447687ffb2ba77eb558da3f007e85aca187e1dd500ba42712bfb4b86cec308
item_00023,bundle_0006,paraphrase_twin,biophysics,12.0,researchgym_premature_closure,,,50,65,182b2bcd75c6,44447687ffb2ba77eb558da3f007e85aca187e1dd500ba42712bfb4b86cec308
item_00024,bundle_0006,format_twin,biophysics,12.0,researchgym_premature_closure,,,50,65,d826791c22a3,44447687ffb2ba77eb558da3f007e85aca187e1dd500ba42712bfb4b86cec308
item_00025,bundle_0007,control,biophysics,12.0,researchgym_premature_closure,,,21,84,b656397a5a1e,b033454a07deab4493524906635141966ac39c9241449ec2078a0133c367ae85
item_00026,bundle_0007,trap,biophysics,12.0,researchgym_premature_closure,,,21,84,c64f577677d7,b033454a07deab4493524906635141966ac39c9241449ec2078a0133c367ae85
item_00027,bundle_0007,paraphrase_twin,biophysics,12.0,researchgym_premature_closure,,,21,84,18b6792f9e3f,b033454a07deab4493524906635141966ac39c9241449ec2078a0133c367ae85
item_00028,bundle_0007,format_twin,biophysics,12.0,researchgym_premature_closure,,,21,84,4a336d6a0503,b033454a07deab4493524906635141966ac39c9241449ec2078a0133c367ae85
item_00029,bundle_0008,control,biophysics,12.0,conflicts_ranked_source_terminal,,,65,91,d30f1eab66d2,c0ec9fd920efb9aba3a3adb5d1e25f64556716ab77ae07730790bc91b448f484
item_00030,bundle_0008,trap,biophysics,12.0,conflicts_ranked_source_terminal,,,65,91,f76361a70f1e,c0ec9fd920efb9aba3a3adb5d1e25f64556716ab77ae07730790bc91b448f484
item_00031,bundle_0008,paraphrase_twin,biophysics,12.0,conflicts_ranked_source_terminal,,,65,91,41da5f40a3ee,c0ec9fd920efb9aba3a3adb5d1e25f64556716ab77ae07730790bc91b448f484
item_00032,bundle_0008,format_twin,biophysics,12.0,conflicts_ranked_source_terminal,,,65,91,5c1c09b0bb2d,c0ec9fd920efb9aba3a3adb5d1e25f64556716ab77ae07730790bc91b448f484
item_00033,bundle_0009,control,biophysics,12.0,terminal_correction_conflict,,,88,45,6866d086b020,d091eb503bf94356b3c40a474d9f415fdba74e0195bd961206f5292b2aecfaaf
item_00034,bundle_0009,trap,biophysics,12.0,terminal_correction_conflict,,,88,45,c77fa5c5aec1,d091eb503bf94356b3c40a474d9f415fdba74e0195bd961206f5292b2aecfaaf
item_00035,bundle_0009,paraphrase_twin,biophysics,12.0,terminal_correction_conflict,,,88,45,e0682e55e1e1,d091eb503bf94356b3c40a474d9f415fdba74e0195bd961206f5292b2aecfaaf
item_00036,bundle_0009,format_twin,biophysics,12.0,terminal_correction_conflict,,,88,45,38c76c6bbe40,d091eb503bf94356b3c40a474d9f415fdba74e0195bd961206f5292b2aecfaaf
item_00037,bundle_0010,control,biophysics,15.0,terminal_correction_conflict,,,45,3,72a424dbbed3,e2bdbecec402076fd1407b1110a3c5080b2e94dcabc90f42533cbeec15e941e5
item_00038,bundle_0010,trap,biophysics,15.0,terminal_correction_conflict,,,45,3,7a2fc7c10296,e2bdbecec402076fd1407b1110a3c5080b2e94dcabc90f42533cbeec15e941e5
item_00039,bundle_0010,paraphrase_twin,biophysics,15.0,terminal_correction_conflict,,,45,3,62eaa790ff12,e2bdbecec402076fd1407b1110a3c5080b2e94dcabc90f42533cbeec15e941e5
item_00040,bundle_0010,format_twin,biophysics,15.0,terminal_correction_conflict,,,45,3,07dd4d133d1e,e2bdbecec402076fd1407b1110a3c5080b2e94dcabc90f42533cbeec15e941e5
item_00041,bundle_0011,control,biophysics,15.0,terminal_correction_conflict,,,11,74,d2b7dea3b86d,d2c7385e32a36449dc514d5ae53d12adb1c0add07c3fadf16083c9f21a0abf80
item_00042,bundle_0011,trap,biophysics,15.0,terminal_correction_conflict,,,11,74,4197f41919f9,d2c7385e32a36449dc514d5ae53d12adb1c0add07c3fadf16083c9f21a0abf80
item_00043,bundle_0011,paraphrase_twin,biophysics,15.0,terminal_correction_conflict,,,11,74,7130dcddfa49,d2c7385e32a36449dc514d5ae53d12adb1c0add07c3fadf16083c9f21a0abf80
item_00044,bundle_0011,format_twin,biophysics,15.0,terminal_correction_conflict,,,11,74,907e71c27737,d2c7385e32a36449dc514d5ae53d12adb1c0add07c3fadf16083c9f21a0abf80
item_00045,bundle_0012,control,biophysics,15.0,conflicts_ranked_source_terminal,,,13,53,4fa90be1cb6b,3fe21982add54edc7eae7c40493d96da0123cbe0c42f42dcc5d8c0906360fea4
item_00046,bundle_0012,trap,biophysics,15.0,conflicts_ranked_source_terminal,,,13,53,4b836a42cde2,3fe21982add54edc7eae7c40493d96da0123cbe0c42f42dcc5d8c0906360fea4
item_00047,bundle_0012,paraphrase_twin,biophysics,15.0,conflicts_ranked_source_terminal,,,13,53,a73f490980a3,3fe21982add54edc7eae7c40493d96da0123cbe0c42f42dcc5d8c0906360fea4
item_00048,bundle_0012,format_twin,biophysics,15.0,conflicts_ranked_source_terminal,,,13,53,913b69762f81,3fe21982add54edc7eae7c40493d96da0123cbe0c42f42dcc5d8c0906360fea4
item_00049,bundle_0013,control,biophysics,15.0,octobench_persistent_hierarchy,,,54,25,cc9773d0ba1c,0f7fe5594c7ff41446e92fc48697639ed6ffb86650e3deaf836cc836cfd51ea1
item_00050,bundle_0013,trap,biophysics,15.0,octobench_persistent_hierarchy,,,54,25,8638c8723fbb,0f7fe5594c7ff41446e92fc48697639ed6ffb86650e3deaf836cc836cfd51ea1
item_00051,bundle_0013,paraphrase_twin,biophysics,15.0,octobench_persistent_hierarchy,,,54,25,04e96fc42393,0f7fe5594c7ff41446e92fc48697639ed6ffb86650e3deaf836cc836cfd51ea1
item_00052,bundle_0013,format_twin,biophysics,15.0,octobench_persistent_hierarchy,,,54,25,df1147a3d55b,0f7fe5594c7ff41446e92fc48697639ed6ffb86650e3deaf836cc836cfd51ea1
item_00053,bundle_0014,control,biophysics,15.0,omanic_late_hop_checkpoint,,,2,19,7aa9410368b6,f8a8b95e68c8a5de7c9c2d7057ac8f65e8102372cfb15f32ca900a08f0124528
item_00054,bundle_0014,trap,biophysics,15.0,omanic_late_hop_checkpoint,,,2,19,063a12c07e96,f8a8b95e68c8a5de7c9c2d7057ac8f65e8102372cfb15f32ca900a08f0124528
item_00055,bundle_0014,paraphrase_twin,biophysics,15.0,omanic_late_hop_checkpoint,,,2,19,9f7d5690ff0e,f8a8b95e68c8a5de7c9c2d7057ac8f65e8102372cfb15f32ca900a08f0124528
item_00056,bundle_0014,format_twin,biophysics,15.0,omanic_late_hop_checkpoint,,,2,19,b16686397b89,f8a8b95e68c8a5de7c9c2d7057ac8f65e8102372cfb15f32ca900a08f0124528
item_00057,bundle_0015,control,biophysics,15.0,terminal_correction_conflict,,,7,52,bca7e630fec6,d8dc42cfc0d7ef18765f9b7f6b928d441c4023bfeb695df9d7f044e345599927
item_00058,bundle_0015,trap,biophysics,15.0,terminal_correction_conflict,,,7,52,e25194f8c9c4,d8dc42cfc0d7ef18765f9b7f6b928d441c4023bfeb695df9d7f044e345599927
item_00059,bundle_0015,paraphrase_twin,biophysics,15.0,terminal_correction_conflict,,,7,52,07e92b87ade2,d8dc42cfc0d7ef18765f9b7f6b928d441c4023bfeb695df9d7f044e345599927
item_00060,bundle_0015,format_twin,biophysics,15.0,terminal_correction_conflict,,,7,52,73d9a50b96c1,d8dc42cfc0d7ef18765f9b7f6b928d441c4023bfeb695df9d7f044e345599927
item_00061,bundle_0016,control,biophysics,18.0,benchage_terminal_temporal_misalignment,,,93,63,1e3837e342c8,50da886422699c11df052c9c045874e1bd22f36030c6025f4cb61d31125aed72
item_00062,bundle_0016,trap,biophysics,18.0,benchage_terminal_temporal_misalignment,,,93,63,0950fc2788e9,50da886422699c11df052c9c045874e1bd22f36030c6025f4cb61d31125aed72
item_00063,bundle_0016,paraphrase_twin,biophysics,18.0,benchage_terminal_temporal_misalignment,,,93,63,e6029e6b82bd,50da886422699c11df052c9c045874e1bd22f36030c6025f4cb61d31125aed72
item_00064,bundle_0016,format_twin,biophysics,18.0,benchage_terminal_temporal_misalignment,,,93,63,ddb9a536e8b7,50da886422699c11df052c9c045874e1bd22f36030c6025f4cb61d31125aed72
item_00065,bundle_0017,control,biophysics,18.0,omanic_late_hop_checkpoint,,,82,3,4304a8a55c35,f4f38dc84b491e7f1d7c02bdfab3349afbd8e6444be811aedda335b3b2355b46
item_00066,bundle_0017,trap,biophysics,18.0,omanic_late_hop_checkpoint,,,82,3,f6542e66422e,f4f38dc84b491e7f1d7c02bdfab3349afbd8e6444be811aedda335b3b2355b46
item_00067,bundle_0017,paraphrase_twin,biophysics,18.0,omanic_late_hop_checkpoint,,,82,3,7b2188f85e44,f4f38dc84b491e7f1d7c02bdfab3349afbd8e6444be811aedda335b3b2355b46
item_00068,bundle_0017,format_twin,biophysics,18.0,omanic_late_hop_checkpoint,,,82,3,89105ec897fe,f4f38dc84b491e7f1d7c02bdfab3349afbd8e6444be811aedda335b3b2355b46
item_00069,bundle_0018,control,biophysics,18.0,omanic_late_hop_checkpoint,,,49,19,5e40cb4d335e,b893552f8c51a0fd6d82a398ca8d53cc4345d3ef2e7fa9f5ca71df256e166829
item_00070,bundle_0018,trap,biophysics,18.0,omanic_late_hop_checkpoint,,,49,19,c5f8bb23271a,b893552f8c51a0fd6d82a398ca8d53cc4345d3ef2e7fa9f5ca71df256e166829
item_00071,bundle_0018,paraphrase_twin,biophysics,18.0,omanic_late_hop_checkpoint,,,49,19,b6b8d48e20de,b893552f8c51a0fd6d82a398ca8d53cc4345d3ef2e7fa9f5ca71df256e166829
item_00072,bundle_0018,format_twin,biophysics,18.0,omanic_late_hop_checkpoint,,,49,19,6188383e2a89,b893552f8c51a0fd6d82a398ca8d53cc4345d3ef2e7fa9f5ca71df256e166829
item_00073,bundle_0019,control,biophysics,18.0,researchgym_premature_closure,,,33,5,04ff9bdfa00b,930f5db8f5b05e3200ecb4ce5067a55d774b66c80a8da4210e1f9a7d67c3249a
item_00074,bundle_0019,trap,biophysics,18.0,researchgym_premature_closure,,,33,5,605014d4ccaf,930f5db8f5b05e3200ecb4ce5067a55d774b66c80a8da4210e1f9a7d67c3249a
item_00075,bundle_0019,paraphrase_twin,biophysics,18.0,researchgym_premature_closure,,,33,5,859ac931ef38,930f5db8f5b05e3200ecb4ce5067a55d774b66c80a8da4210e1f9a7d67c3249a
item_00076,bundle_0019,format_twin,biophysics,18.0,researchgym_premature_closure,,,33,5,48645c9c4faf,930f5db8f5b05e3200ecb4ce5067a55d774b66c80a8da4210e1f9a7d67c3249a
item_00077,bundle_0020,control,biophysics,18.0,octobench_persistent_hierarchy,,,82,8,c6933205c3b0,698ae936245c05972ccc8a5d921008da75298f1078fdb55158f7457505c2cfc1
item_00078,bundle_0020,trap,biophysics,18.0,octobench_persistent_hierarchy,,,82,8,1906433396f6,698ae936245c05972ccc8a5d921008da75298f1078fdb55158f7457505c2cfc1
item_00079,bundle_0020,paraphrase_twin,biophysics,18.0,octobench_persistent_hierarchy,,,82,8,d7fe3638f31e,698ae936245c05972ccc8a5d921008da75298f1078fdb55158f7457505c2cfc1
item_00080,bundle_0020,format_twin,biophysics,18.0,octobench_persistent_hierarchy,,,82,8,d74b929a02ea,698ae936245c05972ccc8a5d921008da75298f1078fdb55158f7457505c2cfc1
item_00081,bundle_0021,control,biophysics,18.0,terminal_correction_conflict,,,18,25,c66fda0a1d4b,06c10fd40cbaa99de43a71f052f4a6ba2c4d71424dd581a2291c41ec2d5ea46a
item_00082,bundle_0021,trap,biophysics,18.0,terminal_correction_conflict,,,18,25,f53566f5a6b2,06c10fd40cbaa99de43a71f052f4a6ba2c4d71424dd581a2291c41ec2d5ea46a
item_00083,bundle_0021,paraphrase_twin,biophysics,18.0,terminal_correction_conflict,,,18,25,ebbb7055ba88,06c10fd40cbaa99de43a71f052f4a6ba2c4d71424dd581a2291c41ec2d5ea46a
item_00084,bundle_0021,format_twin,biophysics,18.0,terminal_correction_conflict,,,18,25,aa16b5e92ddc,06c10fd40cbaa99de43a71f052f4a6ba2c4d71424dd581a2291c41ec2d5ea46a
item_00085,bundle_0022,control,biophysics,20.0,conflicts_ranked_source_terminal,,,83,31,1ae93b364c9d,9ffaededadbef2461aad8de15dcac064373271bddbb8441d4652a36100f9e6a0
item_00086,bundle_0022,trap,biophysics,20.0,conflicts_ranked_source_terminal,,,83,31,0ba882fd0f67,9ffaededadbef2461aad8de15dcac064373271bddbb8441d4652a36100f9e6a0
item_00087,bundle_0022,paraphrase_twin,biophysics,20.0,conflicts_ranked_source_terminal,,,83,31,f85b612dff04,9ffaededadbef2461aad8de15dcac064373271bddbb8441d4652a36100f9e6a0
item_00088,bundle_0022,format_twin,biophysics,20.0,conflicts_ranked_source_terminal,,,83,31,0bb24d4eec7b,9ffaededadbef2461aad8de15dcac064373271bddbb8441d4652a36100f9e6a0
item_00089,bundle_0023,control,biophysics,20.0,benchage_terminal_temporal_misalignment,,,14,4,4150c18f11b3,ba71abb310995d3bff1b87c823fdb885593c12ed4114d2af87552cb4b3d35ecc
item_00090,bundle_0023,trap,biophysics,20.0,benchage_terminal_temporal_misalignment,,,14,4,3f2248a98a79,ba71abb310995d3bff1b87c823fdb885593c12ed4114d2af87552cb4b3d35ecc
item_00091,bundle_0023,paraphrase_twin,biophysics,20.0,benchage_terminal_temporal_misalignment,,,14,4,767b36e3d2fd,ba71abb310995d3bff1b87c823fdb885593c12ed4114d2af87552cb4b3d35ecc
item_00092,bundle_0023,format_twin,biophysics,20.0,benchage_terminal_temporal_misalignment,,,14,4,95dae24baa0b,ba71abb310995d3bff1b87c823fdb885593c12ed4114d2af87552cb4b3d35ecc
item_00093,bundle_0024,control,biophysics,20.0,octobench_persistent_hierarchy,,,40,24,8f63245eff59,f23846decf1c24b394c7ea5de1cfd6dbda20a74592555cc78b7536d655e1d0f8
item_00094,bundle_0024,trap,biophysics,20.0,octobench_persistent_hierarchy,,,40,24,dbd4d1c49ef4,f23846decf1c24b394c7ea5de1cfd6dbda20a74592555cc78b7536d655e1d0f8
item_00095,bundle_0024,paraphrase_twin,biophysics,20.0,octobench_persistent_hierarchy,,,40,24,921753b59754,f23846decf1c24b394c7ea5de1cfd6dbda20a74592555cc78b7536d655e1d0f8
item_00096,bundle_0024,format_twin,biophysics,20.0,octobench_persistent_hierarchy,,,40,24,ee52f8310e38,f23846decf1c24b394c7ea5de1cfd6dbda20a74592555cc78b7536d655e1d0f8
item_00097,bundle_0025,control,ecology,9.0,researchgym_premature_closure,,,66,44,bb0c299f055b,a27f6228eb9410babb1f8589b467520d4c8cdccb2e3ff6530480bc2f96d985cd
item_00098,bundle_0025,trap,ecology,9.0,researchgym_premature_closure,,,66,44,4a25460b8bb7,a27f6228eb9410babb1f8589b467520d4c8cdccb2e3ff6530480bc2f96d985cd
item_00099,bundle_0025,paraphrase_twin,ecology,9.0,researchgym_premature_closure,,,66,44,521c6e4641f6,a27f6228eb9410babb1f8589b467520d4c8cdccb2e3ff6530480bc2f96d985cd
item_00100,bundle_0025,format_twin,ecology,9.0,researchgym_premature_closure,,,66,44,ebed09683cf7,a27f6228eb9410babb1f8589b467520d4c8cdccb2e3ff6530480bc2f96d985cd
item_00101,bundle_0026,control,ecology,9.0,octobench_persistent_hierarchy,,,7,22,fdb0d3fc1497,0d05b1eefd93389524b74dcf96b35e6114a0e2e9d33a5b2a0ded96a7d86e7e4e
item_00102,bundle_0026,trap,ecology,9.0,octobench_persistent_hierarchy,,,7,22,7d13220ba5ff,0d05b1eefd93389524b74dcf96b35e6114a0e2e9d33a5b2a0ded96a7d86e7e4e
item_00103,bundle_0026,paraphrase_twin,ecology,9.0,octobench_persistent_hierarchy,,,7,22,4a7322c3e3dc,0d05b1eefd93389524b74dcf96b35e6114a0e2e9d33a5b2a0ded96a7d86e7e4e
item_00104,bundle_0026,format_twin,ecology,9.0,octobench_persistent_hierarchy,,,7,22,4e6101ce5515,0d05b1eefd93389524b74dcf96b35e6114a0e2e9d33a5b2a0ded96a7d86e7e4e
item_00105,bundle_0027,control,ecology,9.0,conflicts_ranked_source_terminal,,,28,55,6f86d02bea2f,df9081e6f0828f1fefb89381cfe6373cfa483da126b139dce9bd2f5ea2c58a44
item_00106,bundle_0027,trap,ecology,9.0,conflicts_ranked_source_terminal,,,28,55,f55a3fcdc2b8,df9081e6f0828f1fefb89381cfe6373cfa483da126b139dce9bd2f5ea2c58a44
item_00107,bundle_0027,paraphrase_twin,ecology,9.0,conflicts_ranked_source_terminal,,,28,55,95d2566c4a66,df9081e6f0828f1fefb89381cfe6373cfa483da126b139dce9bd2f5ea2c58a44
item_00108,bundle_0027,format_twin,ecology,9.0,conflicts_ranked_source_terminal,,,28,55,7f627d5cba34,df9081e6f0828f1fefb89381cfe6373cfa483da126b139dce9bd2f5ea2c58a44
item_00109,bundle_0028,control,ecology,9.0,omanic_late_hop_checkpoint,,,9,54,e42fae41ea20,de6ca58f5acf6d8ad9edc5f0e06bea32c8ecff9023457b1a793992e03093cb30
item_00110,bundle_0028,trap,ecology,9.0,omanic_late_hop_checkpoint,,,9,54,271a120b8473,de6ca58f5acf6d8ad9edc5f0e06bea32c8ecff9023457b1a793992e03093cb30
item_00111,bundle_0028,paraphrase_twin,ecology,9.0,omanic_late_hop_checkpoint,,,9,54,637fa1ecf23b,de6ca58f5acf6d8ad9edc5f0e06bea32c8ecff9023457b1a793992e03093cb30
item_00112,bundle_0028,format_twin,ecology,9.0,omanic_late_hop_checkpoint,,,9,54,6b68fc423b26,de6ca58f5acf6d8ad9edc5f0e06bea32c8ecff9023457b1a793992e03093cb30
item_00113,bundle_0029,control,ecology,12.0,terminal_correction_conflict,,,25,70,b1fac2381ef1,b9804171af83dbd801ea75e3103c2019f8ba32a8e98a6058ad5c104f651d063a
item_00114,bundle_0029,trap,ecology,12.0,terminal_correction_conflict,,,25,70,ab033ee15642,b9804171af83dbd801ea75e3103c2019f8ba32a8e98a6058ad5c104f651d063a
item_00115,bundle_0029,paraphrase_twin,ecology,12.0,terminal_correction_conflict,,,25,70,fb105d79f176,b9804171af83dbd801ea75e3103c2019f8ba32a8e98a6058ad5c104f651d063a
item_00116,bundle_0029,format_twin,ecology,12.0,terminal_correction_conflict,,,25,70,a9bc5646a8ae,b9804171af83dbd801ea75e3103c2019f8ba32a8e98a6058ad5c104f651d063a
item_00117,bundle_0030,control,ecology,12.0,terminal_correction_conflict,,,62,2,730bcaf58fd4,bdc77d4ed079e2665992cbc95f375eb4d6e716b547c1063751baef6363cb43be
item_00118,bundle_0030,trap,ecology,12.0,terminal_correction_conflict,,,62,2,de8aa0af33bc,bdc77d4ed079e2665992cbc95f375eb4d6e716b547c1063751baef6363cb43be
item_00119,bundle_0030,paraphrase_twin,ecology,12.0,terminal_correction_conflict,,,62,2,6181bc8e1d6d,bdc77d4ed079e2665992cbc95f375eb4d6e716b547c1063751baef6363cb43be
item_00120,bundle_0030,format_twin,ecology,12.0,terminal_correction_conflict,,,62,2,5549383e2ea7,bdc77d4ed079e2665992cbc95f375eb4d6e716b547c1063751baef6363cb43be
item_00121,bundle_0031,control,ecology,12.0,terminal_correction_conflict,,,57,22,5064881e1b69,93866a8762d2ae7da999c713937e9f6875b1ab5020da93cb60a94ec0c5cb6ea2
item_00122,bundle_0031,trap,ecology,12.0,terminal_correction_conflict,,,57,22,2586144cd6e5,93866a8762d2ae7da999c713937e9f6875b1ab5020da93cb60a94ec0c5cb6ea2
item_00123,bundle_0031,paraphrase_twin,ecology,12.0,terminal_correction_conflict,,,57,22,a55a7a50d140,93866a8762d2ae7da999c713937e9f6875b1ab5020da93cb60a94ec0c5cb6ea2
item_00124,bundle_0031,format_twin,ecology,12.0,terminal_correction_conflict,,,57,22,7de9b633e630,93866a8762d2ae7da999c713937e9f6875b1ab5020da93cb60a94ec0c5cb6ea2
item_00125,bundle_0032,control,ecology,12.0,researchgym_premature_closure,,,72,44,a64ffedb467f,7257827269bbf9bfac9d4706f87080a8c2805e397c0131f46ddf2e4f666c0b7f
item_00126,bundle_0032,trap,ecology,12.0,researchgym_premature_closure,,,72,44,daff9875ef96,7257827269bbf9bfac9d4706f87080a8c2805e397c0131f46ddf2e4f666c0b7f
item_00127,bundle_0032,paraphrase_twin,ecology,12.0,researchgym_premature_closure,,,72,44,daf6d08248bd,7257827269bbf9bfac9d4706f87080a8c2805e397c0131f46ddf2e4f666c0b7f
item_00128,bundle_0032,format_twin,ecology,12.0,researchgym_premature_closure,,,72,44,453131f68976,7257827269bbf9bfac9d4706f87080a8c2805e397c0131f46ddf2e4f666c0b7f
item_00129,bundle_0033,control,ecology,12.0,terminal_correction_conflict,,,56,75,edaba0251327,388571f0c681fc73d3348bc8df6645b040328b9389f07419b452baa58a0c63db
item_00130,bundle_0033,trap,ecology,12.0,terminal_correction_conflict,,,56,75,476ffaa43d7a,388571f0c681fc73d3348bc8df6645b040328b9389f07419b452baa58a0c63db
item_00131,bundle_0033,paraphrase_twin,ecology,12.0,terminal_correction_conflict,,,56,75,5e1d5744fe2c,388571f0c681fc73d3348bc8df6645b040328b9389f07419b452baa58a0c63db
item_00132,bundle_0033,format_twin,ecology,12.0,terminal_correction_conflict,,,56,75,5cf02812d5d8,388571f0c681fc73d3348bc8df6645b040328b9389f07419b452baa58a0c63db
item_00133,bundle_0034,control,ecology,15.0,conflicts_ranked_source_terminal,,,22,2,22262e487355,c533a9a35f9c9c986d18c314e32006d52c2f460cb7583ed0203ebdc6d925095b
item_00134,bundle_0034,trap,ecology,15.0,conflicts_ranked_source_terminal,,,22,2,e56590756a02,c533a9a35f9c9c986d18c314e32006d52c2f460cb7583ed0203ebdc6d925095b
item_00135,bundle_0034,paraphrase_twin,ecology,15.0,conflicts_ranked_source_terminal,,,22,2,1258520203a1,c533a9a35f9c9c986d18c314e32006d52c2f460cb7583ed0203ebdc6d925095b
item_00136,bundle_0034,format_twin,ecology,15.0,conflicts_ranked_source_terminal,,,22,2,18ee1628a70b,c533a9a35f9c9c986d18c314e32006d52c2f460cb7583ed0203ebdc6d925095b
item_00137,bundle_0035,control,ecology,15.0,octobench_persistent_hierarchy,,,55,32,df4fc68ad281,cf0f220c41b9158a50127f77d4b9f5b4094c6d61fae85c5f4c2678cac8065ca8
item_00138,bundle_0035,trap,ecology,15.0,octobench_persistent_hierarchy,,,55,32,75646e3b2a47,cf0f220c41b9158a50127f77d4b9f5b4094c6d61fae85c5f4c2678cac8065ca8
item_00139,bundle_0035,paraphrase_twin,ecology,15.0,octobench_persistent_hierarchy,,,55,32,5ddc705d13b6,cf0f220c41b9158a50127f77d4b9f5b4094c6d61fae85c5f4c2678cac8065ca8
item_00140,bundle_0035,format_twin,ecology,15.0,octobench_persistent_hierarchy,,,55,32,2a4cf0122ab4,cf0f220c41b9158a50127f77d4b9f5b4094c6d61fae85c5f4c2678cac8065ca8
item_00141,bundle_0036,control,ecology,15.0,researchgym_premature_closure,,,39,12,0c6b3269658d,e5618fde34c9fbcb4d0bcf125a778dff55d13010becdc121cd4371bf96ea7c73
item_00142,bundle_0036,trap,ecology,15.0,researchgym_premature_closure,,,39,12,42ae89c3abab,e5618fde34c9fbcb4d0bcf125a778dff55d13010becdc121cd4371bf96ea7c73
item_00143,bundle_0036,paraphrase_twin,ecology,15.0,researchgym_premature_closure,,,39,12,0a1014199253,e5618fde34c9fbcb4d0bcf125a778dff55d13010becdc121cd4371bf96ea7c73
item_00144,bundle_0036,format_twin,ecology,15.0,researchgym_premature_closure,,,39,12,47e81abd3a41,e5618fde34c9fbcb4d0bcf125a778dff55d13010becdc121cd4371bf96ea7c73
item_00145,bundle_0037,control,ecology,15.0,octobench_persistent_hierarchy,,,15,57,7437925e7881,b5eb764605324e28d6743667920543531e19004f106689ee06f0e56f8ab54171
item_00146,bundle_0037,trap,ecology,15.0,octobench_persistent_hierarchy,,,15,57,5851074a901f,b5eb764605324e28d6743667920543531e19004f106689ee06f0e56f8ab54171
item_00147,bundle_0037,paraphrase_twin,ecology,15.0,octobench_persistent_hierarchy,,,15,57,96fe1d3cfcea,b5eb764605324e28d6743667920543531e19004f106689ee06f0e56f8ab54171
item_00148,bundle_0037,format_twin,ecology,15.0,octobench_persistent_hierarchy,,,15,57,b4fe7f9e451d,b5eb764605324e28d6743667920543531e19004f106689ee06f0e56f8ab54171
item_00149,bundle_0038,control,ecology,15.0,benchage_terminal_temporal_misalignment,,,69,52,b5df9876f93c,30749e5d7c8a817e0a204cdb9fde86c8c0937baff57f40e1c5c484e3cc405b88
item_00150,bundle_0038,trap,ecology,15.0,benchage_terminal_temporal_misalignment,,,69,52,3fd881cf9733,30749e5d7c8a817e0a204cdb9fde86c8c0937baff57f40e1c5c484e3cc405b88
item_00151,bundle_0038,paraphrase_twin,ecology,15.0,benchage_terminal_temporal_misalignment,,,69,52,417e87a590fd,30749e5d7c8a817e0a204cdb9fde86c8c0937baff57f40e1c5c484e3cc405b88
item_00152,bundle_0038,format_twin,ecology,15.0,benchage_terminal_temporal_misalignment,,,69,52,d127674f319a,30749e5d7c8a817e0a204cdb9fde86c8c0937baff57f40e1c5c484e3cc405b88
item_00153,bundle_0039,control,ecology,15.0,benchage_terminal_temporal_misalignment,,,3,32,28dc262850f5,cb37c5a72b49077e3c25f82b691ff18cdf7055a019aadc1d12b425ec56a7581f
item_00154,bundle_0039,trap,ecology,15.0,benchage_terminal_temporal_misalignment,,,3,32,669fe59d0e73,cb37c5a72b49077e3c25f82b691ff18cdf7055a019aadc1d12b425ec56a7581f
item_00155,bundle_0039,paraphrase_twin,ecology,15.0,benchage_terminal_temporal_misalignment,,,3,32,a3f8727ff493,cb37c5a72b49077e3c25f82b691ff18cdf7055a019aadc1d12b425ec56a7581f
item_00156,bundle_0039,format_twin,ecology,15.0,benchage_terminal_temporal_misalignment,,,3,32,6c759d340caf,cb37c5a72b49077e3c25f82b691ff18cdf7055a019aadc1d12b425ec56a7581f
item_00157,bundle_0040,control,ecology,18.0,conflicts_ranked_source_terminal,,,28,72,8a0a3fa3fc2e,e9898cf53c4c1de89a0c69a494ea391c4f58d6102e5e90306f7448582c919485
item_00158,bundle_0040,trap,ecology,18.0,conflicts_ranked_source_terminal,,,28,72,6b71ac34782d,e9898cf53c4c1de89a0c69a494ea391c4f58d6102e5e90306f7448582c919485
item_00159,bundle_0040,paraphrase_twin,ecology,18.0,conflicts_ranked_source_terminal,,,28,72,c8c2c37d0b0d,e9898cf53c4c1de89a0c69a494ea391c4f58d6102e5e90306f7448582c919485
item_00160,bundle_0040,format_twin,ecology,18.0,conflicts_ranked_source_terminal,,,28,72,008525d9c63d,e9898cf53c4c1de89a0c69a494ea391c4f58d6102e5e90306f7448582c919485
item_00161,bundle_0041,control,ecology,18.0,conflicts_ranked_source_terminal,,,14,50,737b91eb7117,d116e36da3052b33d07b0c65a5122571c83b512ab6bfae4f7500e6db715e938f
item_00162,bundle_0041,trap,ecology,18.0,conflicts_ranked_source_terminal,,,14,50,780397349249,d116e36da3052b33d07b0c65a5122571c83b512ab6bfae4f7500e6db715e938f
item_00163,bundle_0041,paraphrase_twin,ecology,18.0,conflicts_ranked_source_terminal,,,14,50,190d54577fae,d116e36da3052b33d07b0c65a5122571c83b512ab6bfae4f7500e6db715e938f
item_00164,bundle_0041,format_twin,ecology,18.0,conflicts_ranked_source_terminal,,,14,50,00ac93d9c97f,d116e36da3052b33d07b0c65a5122571c83b512ab6bfae4f7500e6db715e938f
item_00165,bundle_0042,control,ecology,18.0,conflicts_ranked_source_terminal,,,30,11,ff8e7ce58931,aae5ea968f1f5c38b379ee26847aefd4c791f8ac234271a3476ee5f105830bbf
item_00166,bundle_0042,trap,ecology,18.0,conflicts_ranked_source_terminal,,,30,11,5d19c134dc65,aae5ea968f1f5c38b379ee26847aefd4c791f8ac234271a3476ee5f105830bbf
item_00167,bundle_0042,paraphrase_twin,ecology,18.0,conflicts_ranked_source_terminal,,,30,11,26c4915e6988,aae5ea968f1f5c38b379ee26847aefd4c791f8ac234271a3476ee5f105830bbf
item_00168,bundle_0042,format_twin,ecology,18.0,conflicts_ranked_source_terminal,,,30,11,76c912500335,aae5ea968f1f5c38b379ee26847aefd4c791f8ac234271a3476ee5f105830bbf
item_00169,bundle_0043,control,ecology,18.0,terminal_correction_conflict,,,12,48,df3d2505a862,3830ea9c16144689ffc470f258918850c61cda05e2b4694acfd20845ac5c500f
item_00170,bundle_0043,trap,ecology,18.0,terminal_correction_conflict,,,12,48,86e40fe6d966,3830ea9c16144689ffc470f258918850c61cda05e2b4694acfd20845ac5c500f
item_00171,bundle_0043,paraphrase_twin,ecology,18.0,terminal_correction_conflict,,,12,48,74c9090aca22,3830ea9c16144689ffc470f258918850c61cda05e2b4694acfd20845ac5c500f
item_00172,bundle_0043,format_twin,ecology,18.0,terminal_correction_conflict,,,12,48,2160efb63ebb,3830ea9c16144689ffc470f258918850c61cda05e2b4694acfd20845ac5c500f
item_00173,bundle_0044,control,ecology,18.0,omanic_late_hop_checkpoint,,,33,10,563e65a8732c,803db0cd6250e7f5b78cca105c627cfb7f3e5c3a0a318db5ecc8153c659578af
item_00174,bundle_0044,trap,ecology,18.0,omanic_late_hop_checkpoint,,,33,10,255f46abe511,803db0cd6250e7f5b78cca105c627cfb7f3e5c3a0a318db5ecc8153c659578af
item_00175,bundle_0044,paraphrase_twin,ecology,18.0,omanic_late_hop_checkpoint,,,33,10,3991b0d396d4,803db0cd6250e7f5b78cca105c627cfb7f3e5c3a0a318db5ecc8153c659578af
item_00176,bundle_0044,format_twin,ecology,18.0,omanic_late_hop_checkpoint,,,33,10,16f8f3b970e1,803db0cd6250e7f5b78cca105c627cfb7f3e5c3a0a318db5ecc8153c659578af
item_00177,bundle_0045,control,ecology,18.0,octobench_persistent_hierarchy,,,64,51,9bebc9e38380,ea2216a010d0cb0cb65c4a8f78530661e84e4a6eb74bb4461e955efb617913b2
item_00178,bundle_0045,trap,ecology,18.0,octobench_persistent_hierarchy,,,64,51,9cc92b773c5e,ea2216a010d0cb0cb65c4a8f78530661e84e4a6eb74bb4461e955efb617913b2
item_00179,bundle_0045,paraphrase_twin,ecology,18.0,octobench_persistent_hierarchy,,,64,51,ca9fa802e3f1,ea2216a010d0cb0cb65c4a8f78530661e84e4a6eb74bb4461e955efb617913b2
item_00180,bundle_0045,format_twin,ecology,18.0,octobench_persistent_hierarchy,,,64,51,5e23140356a8,ea2216a010d0cb0cb65c4a8f78530661e84e4a6eb74bb4461e955efb617913b2
item_00181,bundle_0046,control,ecology,20.0,omanic_late_hop_checkpoint,,,20,52,4d4d7f3f5aa7,5d76551d8e052347ef22d4b911c3f82b63b5ce0d5dde2b9624b0232724830b99
item_00182,bundle_0046,trap,ecology,20.0,omanic_late_hop_checkpoint,,,20,52,97649f9c17f6,5d76551d8e052347ef22d4b911c3f82b63b5ce0d5dde2b9624b0232724830b99
item_00183,bundle_0046,paraphrase_twin,ecology,20.0,omanic_late_hop_checkpoint,,,20,52,7d70eca3b37b,5d76551d8e052347ef22d4b911c3f82b63b5ce0d5dde2b9624b0232724830b99
item_00184,bundle_0046,format_twin,ecology,20.0,omanic_late_hop_checkpoint,,,20,52,75a0a08fe6e2,5d76551d8e052347ef22d4b911c3f82b63b5ce0d5dde2b9624b0232724830b99
item_00185,bundle_0047,control,ecology,20.0,terminal_correction_conflict,,,72,42,1b4c6835c0e6,01613397eb45ad7a5838fb40ef903477b0aca68c827ad9e085b452e6ce23543e
item_00186,bundle_0047,trap,ecology,20.0,terminal_correction_conflict,,,72,42,880a3542ccbc,01613397eb45ad7a5838fb40ef903477b0aca68c827ad9e085b452e6ce23543e
item_00187,bundle_0047,paraphrase_twin,ecology,20.0,terminal_correction_conflict,,,72,42,ba18fa5745e7,01613397eb45ad7a5838fb40ef903477b0aca68c827ad9e085b452e6ce23543e
item_00188,bundle_0047,format_twin,ecology,20.0,terminal_correction_conflict,,,72,42,9ff80eceee27,01613397eb45ad7a5838fb40ef903477b0aca68c827ad9e085b452e6ce23543e
item_00189,bundle_0048,control,ecology,20.0,terminal_correction_conflict,,,56,80,f142b2202c76,7f9688ae881548d7848d3a9fd700f2e9efd9ac79e98ca947a37e97a5f80a2b8f
item_00190,bundle_0048,trap,ecology,20.0,terminal_correction_conflict,,,56,80,91347f3772af,7f9688ae881548d7848d3a9fd700f2e9efd9ac79e98ca947a37e97a5f80a2b8f
item_00191,bundle_0048,paraphrase_twin,ecology,20.0,terminal_correction_conflict,,,56,80,cbe6ccbbf7b8,7f9688ae881548d7848d3a9fd700f2e9efd9ac79e98ca947a37e97a5f80a2b8f
item_00192,bundle_0048,format_twin,ecology,20.0,terminal_correction_conflict,,,56,80,c2b1c8d31899,7f9688ae881548d7848d3a9fd700f2e9efd9ac79e98ca947a37e97a5f80a2b8f
item_00193,bundle_0049,control,materials_science,9.0,omanic_late_hop_checkpoint,,,7,29,e85fdad52f62,2dc0782cc3e2d88c3538c26816da8a15605a50b46c7474d054699f50af1b4248
item_00194,bundle_0049,trap,materials_science,9.0,omanic_late_hop_checkpoint,,,7,29,b54759ab1e04,2dc0782cc3e2d88c3538c26816da8a15605a50b46c7474d054699f50af1b4248
item_00195,bundle_0049,paraphrase_twin,materials_science,9.0,omanic_late_hop_checkpoint,,,7,29,a63c5e514560,2dc0782cc3e2d88c3538c26816da8a15605a50b46c7474d054699f50af1b4248
item_00196,bundle_0049,format_twin,materials_science,9.0,omanic_late_hop_checkpoint,,,7,29,f29a9d9caf1c,2dc0782cc3e2d88c3538c26816da8a15605a50b46c7474d054699f50af1b4248
item_00197,bundle_0050,control,materials_science,9.0,conflicts_ranked_source_terminal,,,54,17,f1f9fedd70f7,f2bee22f010055271f1dac205221ea4f0ee598f2c1855a474a24e43bc7ccd3ed
item_00198,bundle_0050,trap,materials_science,9.0,conflicts_ranked_source_terminal,,,54,17,3c1a7afcb5a8,f2bee22f010055271f1dac205221ea4f0ee598f2c1855a474a24e43bc7ccd3ed
item_00199,bundle_0050,paraphrase_twin,materials_science,9.0,conflicts_ranked_source_terminal,,,54,17,87426b9d300f,f2bee22f010055271f1dac205221ea4f0ee598f2c1855a474a24e43bc7ccd3ed
item_00200,bundle_0050,format_twin,materials_science,9.0,conflicts_ranked_source_terminal,,,54,17,958821e62302,f2bee22f010055271f1dac205221ea4f0ee598f2c1855a474a24e43bc7ccd3ed
item_00201,bundle_0051,control,materials_science,9.0,conflicts_ranked_source_terminal,,,5,48,5f3e5f32e09d,a6ef7fbf0da8234cc63e7eda7514c8b8ea5376529b90f1be21da0963a04fbab5
item_00202,bundle_0051,trap,materials_science,9.0,conflicts_ranked_source_terminal,,,5,48,68b20ae25c29,a6ef7fbf0da8234cc63e7eda7514c8b8ea5376529b90f1be21da0963a04fbab5
item_00203,bundle_0051,paraphrase_twin,materials_science,9.0,conflicts_ranked_source_terminal,,,5,48,285ec7573619,a6ef7fbf0da8234cc63e7eda7514c8b8ea5376529b90f1be21da0963a04fbab5
item_00204,bundle_0051,format_twin,materials_science,9.0,conflicts_ranked_source_terminal,,,5,48,6ea7117b89ff,a6ef7fbf0da8234cc63e7eda7514c8b8ea5376529b90f1be21da0963a04fbab5
item_00205,bundle_0052,control,materials_science,9.0,researchgym_premature_closure,,,51,41,18fd0f1ad1ec,15362798e70cfea50897b6fb79516c9ff274573ddb484deb2c37cccee87ceb10
item_00206,bundle_0052,trap,materials_science,9.0,researchgym_premature_closure,,,51,41,daa8b71b114c,15362798e70cfea50897b6fb79516c9ff274573ddb484deb2c37cccee87ceb10
item_00207,bundle_0052,paraphrase_twin,materials_science,9.0,researchgym_premature_closure,,,51,41,d6a1adbbc519,15362798e70cfea50897b6fb79516c9ff274573ddb484deb2c37cccee87ceb10
item_00208,bundle_0052,format_twin,materials_science,9.0,researchgym_premature_closure,,,51,41,3044b8f63b1a,15362798e70cfea50897b6fb79516c9ff274573ddb484deb2c37cccee87ceb10
item_00209,bundle_0053,control,materials_science,12.0,omanic_late_hop_checkpoint,,,71,36,d1e614998ce2,502045ef3cb551a132d98373d156e29f099996ae723f5c2a3ac9d86d01c8c3ab
item_00210,bundle_0053,trap,materials_science,12.0,omanic_late_hop_checkpoint,,,71,36,48bf43f9627b,502045ef3cb551a132d98373d156e29f099996ae723f5c2a3ac9d86d01c8c3ab
item_00211,bundle_0053,paraphrase_twin,materials_science,12.0,omanic_late_hop_checkpoint,,,71,36,af9ed33c64f1,502045ef3cb551a132d98373d156e29f099996ae723f5c2a3ac9d86d01c8c3ab
item_00212,bundle_0053,format_twin,materials_science,12.0,omanic_late_hop_checkpoint,,,71,36,5753527102c9,502045ef3cb551a132d98373d156e29f099996ae723f5c2a3ac9d86d01c8c3ab
item_00213,bundle_0054,control,materials_science,12.0,terminal_correction_conflict,,,55,4,75a3ebe61abb,02333d4798ed53a8bca947c1155b715520ed6b0adc66f1334c3ae0ff67283c98
item_00214,bundle_0054,trap,materials_science,12.0,terminal_correction_conflict,,,55,4,d82f2f773f4f,02333d4798ed53a8bca947c1155b715520ed6b0adc66f1334c3ae0ff67283c98
item_00215,bundle_0054,paraphrase_twin,materials_science,12.0,terminal_correction_conflict,,,55,4,e65af22a4e45,02333d4798ed53a8bca947c1155b715520ed6b0adc66f1334c3ae0ff67283c98
item_00216,bundle_0054,format_twin,materials_science,12.0,terminal_correction_conflict,,,55,4,e53eb8e001d2,02333d4798ed53a8bca947c1155b715520ed6b0adc66f1334c3ae0ff67283c98
item_00217,bundle_0055,control,materials_science,12.0,octobench_persistent_hierarchy,,,71,25,1f79f5aa1ded,990b652e2a16360847734daae0f1304e4b46bff14be2fbe61c81bb5f4bda5f23
item_00218,bundle_0055,trap,materials_science,12.0,octobench_persistent_hierarchy,,,71,25,a7db899fb9d4,990b652e2a16360847734daae0f1304e4b46bff14be2fbe61c81bb5f4bda5f23
item_00219,bundle_0055,paraphrase_twin,materials_science,12.0,octobench_persistent_hierarchy,,,71,25,e993e28cd6c6,990b652e2a16360847734daae0f1304e4b46bff14be2fbe61c81bb5f4bda5f23
item_00220,bundle_0055,format_twin,materials_science,12.0,octobench_persistent_hierarchy,,,71,25,e47aaa6130c8,990b652e2a16360847734daae0f1304e4b46bff14be2fbe61c81bb5f4bda5f23
item_00221,bundle_0056,control,materials_science,12.0,conflicts_ranked_source_terminal,,,40,27,962a8ba4c004,f7bb564601f6852614edab18cdc6ef5d69dcdca283e4630f6e3a7d30183dad4d
item_00222,bundle_0056,trap,materials_science,12.0,conflicts_ranked_source_terminal,,,40,27,f76a03f6299c,f7bb564601f6852614edab18cdc6ef5d69dcdca283e4630f6e3a7d30183dad4d
item_00223,bundle_0056,paraphrase_twin,materials_science,12.0,conflicts_ranked_source_terminal,,,40,27,496f9981179f,f7bb564601f6852614edab18cdc6ef5d69dcdca283e4630f6e3a7d30183dad4d
item_00224,bundle_0056,format_twin,materials_science,12.0,conflicts_ranked_source_terminal,,,40,27,0090ef8a3e43,f7bb564601f6852614edab18cdc6ef5d69dcdca283e4630f6e3a7d30183dad4d
item_00225,bundle_0057,control,materials_science,12.0,terminal_correction_conflict,,,41,52,35446259f9de,6aae50dfaded0f65162bd78fde99ce43203d9c1078a845f3a7f75392f37a4c80
item_00226,bundle_0057,trap,materials_science,12.0,terminal_correction_conflict,,,41,52,70092a5b61b5,6aae50dfaded0f65162bd78fde99ce43203d9c1078a845f3a7f75392f37a4c80
item_00227,bundle_0057,paraphrase_twin,materials_science,12.0,terminal_correction_conflict,,,41,52,1c1c5866ef33,6aae50dfaded0f65162bd78fde99ce43203d9c1078a845f3a7f75392f37a4c80
item_00228,bundle_0057,format_twin,materials_science,12.0,terminal_correction_conflict,,,41,52,32ff61c1fc51,6aae50dfaded0f65162bd78fde99ce43203d9c1078a845f3a7f75392f37a4c80
item_00229,bundle_0058,control,materials_science,15.0,octobench_persistent_hierarchy,,,63,37,31b0c4cbb585,95506bc605cd5b055f7e7e41051ff4db1895c213d29cf116865c923f9e7c4278
item_00230,bundle_0058,trap,materials_science,15.0,octobench_persistent_hierarchy,,,63,37,fc9426d9ed54,95506bc605cd5b055f7e7e41051ff4db1895c213d29cf116865c923f9e7c4278
item_00231,bundle_0058,paraphrase_twin,materials_science,15.0,octobench_persistent_hierarchy,,,63,37,fc3f27ec5f9f,95506bc605cd5b055f7e7e41051ff4db1895c213d29cf116865c923f9e7c4278
item_00232,bundle_0058,format_twin,materials_science,15.0,octobench_persistent_hierarchy,,,63,37,4da960bfe996,95506bc605cd5b055f7e7e41051ff4db1895c213d29cf116865c923f9e7c4278
item_00233,bundle_0059,control,materials_science,15.0,terminal_correction_conflict,,,30,61,dd5ff1a42ffb,349a7f2a8c4f4761006cca2a50bf42547f4ae6a5a332960ca52a5bc0d6fa6753
item_00234,bundle_0059,trap,materials_science,15.0,terminal_correction_conflict,,,30,61,f6a95c9fc5f7,349a7f2a8c4f4761006cca2a50bf42547f4ae6a5a332960ca52a5bc0d6fa6753
item_00235,bundle_0059,paraphrase_twin,materials_science,15.0,terminal_correction_conflict,,,30,61,292686ccbf80,349a7f2a8c4f4761006cca2a50bf42547f4ae6a5a332960ca52a5bc0d6fa6753
item_00236,bundle_0059,format_twin,materials_science,15.0,terminal_correction_conflict,,,30,61,dfa5b26cd9e1,349a7f2a8c4f4761006cca2a50bf42547f4ae6a5a332960ca52a5bc0d6fa6753
item_00237,bundle_0060,control,materials_science,15.0,conflicts_ranked_source_terminal,,,4,51,40e8af6c2141,c16eb5cc15e7a58c8c7415427927349a724456a17fdd2b362433ca8f9e6b4073
item_00238,bundle_0060,trap,materials_science,15.0,conflicts_ranked_source_terminal,,,4,51,4bd61c1df959,c16eb5cc15e7a58c8c7415427927349a724456a17fdd2b362433ca8f9e6b4073
item_00239,bundle_0060,paraphrase_twin,materials_science,15.0,conflicts_ranked_source_terminal,,,4,51,5afa230fdd95,c16eb5cc15e7a58c8c7415427927349a724456a17fdd2b362433ca8f9e6b4073
item_00240,bundle_0060,format_twin,materials_science,15.0,conflicts_ranked_source_terminal,,,4,51,da51b1a5107f,c16eb5cc15e7a58c8c7415427927349a724456a17fdd2b362433ca8f9e6b4073
item_00241,bundle_0061,control,materials_science,15.0,benchage_terminal_temporal_misalignment,,,47,35,697249006b2a,c6b99ae50375aa6baaf6bdc5578ed4b778d602a2346c1b44a133aa0158707f39
item_00242,bundle_0061,trap,materials_science,15.0,benchage_terminal_temporal_misalignment,,,47,35,329efecccbce,c6b99ae50375aa6baaf6bdc5578ed4b778d602a2346c1b44a133aa0158707f39
item_00243,bundle_0061,paraphrase_twin,materials_science,15.0,benchage_terminal_temporal_misalignment,,,47,35,0aa934d6407d,c6b99ae50375aa6baaf6bdc5578ed4b778d602a2346c1b44a133aa0158707f39
item_00244,bundle_0061,format_twin,materials_science,15.0,benchage_terminal_temporal_misalignment,,,47,35,b9b2fac500f8,c6b99ae50375aa6baaf6bdc5578ed4b778d602a2346c1b44a133aa0158707f39
item_00245,bundle_0062,control,materials_science,15.0,terminal_correction_conflict,,,69,80,96684ef6ca11,76c5ac063987d3d0442ed0985e2c17b5ce644b032b269fcf194baffdb7c2761d
item_00246,bundle_0062,trap,materials_science,15.0,terminal_correction_conflict,,,69,80,9088a3168f40,76c5ac063987d3d0442ed0985e2c17b5ce644b032b269fcf194baffdb7c2761d
item_00247,bundle_0062,paraphrase_twin,materials_science,15.0,terminal_correction_conflict,,,69,80,78d12c0cae89,76c5ac063987d3d0442ed0985e2c17b5ce644b032b269fcf194baffdb7c2761d
item_00248,bundle_0062,format_twin,materials_science,15.0,terminal_correction_conflict,,,69,80,0b087fa7c0bd,76c5ac063987d3d0442ed0985e2c17b5ce644b032b269fcf194baffdb7c2761d
item_00249,bundle_0063,control,materials_science,15.0,terminal_correction_conflict,,,66,18,2c5579a9fc75,92500c4b876a03189e67d9e76c69a135c8bbbf8361153bfe5a4b1140ae82ef0b
item_00250,bundle_0063,trap,materials_science,15.0,terminal_correction_conflict,,,66,18,b748731bcd3c,92500c4b876a03189e67d9e76c69a135c8bbbf8361153bfe5a4b1140ae82ef0b
item_00251,bundle_0063,paraphrase_twin,materials_science,15.0,terminal_correction_conflict,,,66,18,3a20fa3a175c,92500c4b876a03189e67d9e76c69a135c8bbbf8361153bfe5a4b1140ae82ef0b
item_00252,bundle_0063,format_twin,materials_science,15.0,terminal_correction_conflict,,,66,18,11f8f4d19497,92500c4b876a03189e67d9e76c69a135c8bbbf8361153bfe5a4b1140ae82ef0b
item_00253,bundle_0064,control,materials_science,18.0,researchgym_premature_closure,,,44,27,1cc2daa08e20,3a9d216a4749d440a671ce971806fa985dcf579513cf526d44da623c6cf9f6a2
item_00254,bundle_0064,trap,materials_science,18.0,researchgym_premature_closure,,,44,27,f9156e232180,3a9d216a4749d440a671ce971806fa985dcf579513cf526d44da623c6cf9f6a2
item_00255,bundle_0064,paraphrase_twin,materials_science,18.0,researchgym_premature_closure,,,44,27,3f01cbf6ea19,3a9d216a4749d440a671ce971806fa985dcf579513cf526d44da623c6cf9f6a2
item_00256,bundle_0064,format_twin,materials_science,18.0,researchgym_premature_closure,,,44,27,f6b758d94137,3a9d216a4749d440a671ce971806fa985dcf579513cf526d44da623c6cf9f6a2
item_00257,bundle_0065,control,materials_science,18.0,conflicts_ranked_source_terminal,,,50,62,92fe876c9cb4,000ceb39d5f1b3b26e8494820bc4c998297c52588ce138dd191ca452fb9b0379
item_00258,bundle_0065,trap,materials_science,18.0,conflicts_ranked_source_terminal,,,50,62,ff280773804f,000ceb39d5f1b3b26e8494820bc4c998297c52588ce138dd191ca452fb9b0379
item_00259,bundle_0065,paraphrase_twin,materials_science,18.0,conflicts_ranked_source_terminal,,,50,62,f95f02559efa,000ceb39d5f1b3b26e8494820bc4c998297c52588ce138dd191ca452fb9b0379
item_00260,bundle_0065,format_twin,materials_science,18.0,conflicts_ranked_source_terminal,,,50,62,03c9e498dbfc,000ceb39d5f1b3b26e8494820bc4c998297c52588ce138dd191ca452fb9b0379
item_00261,bundle_0066,control,materials_science,18.0,octobench_persistent_hierarchy,,,37,11,0a7665681931,512034378c9284958e88ce0a09f8bc8606a8c80faef736178e898b55f5b662f6
item_00262,bundle_0066,trap,materials_science,18.0,octobench_persistent_hierarchy,,,37,11,639752b69719,512034378c9284958e88ce0a09f8bc8606a8c80faef736178e898b55f5b662f6
item_00263,bundle_0066,paraphrase_twin,materials_science,18.0,octobench_persistent_hierarchy,,,37,11,dc5bbbf216e6,512034378c9284958e88ce0a09f8bc8606a8c80faef736178e898b55f5b662f6
item_00264,bundle_0066,format_twin,materials_science,18.0,octobench_persistent_hierarchy,,,37,11,131ce1b4eaf5,512034378c9284958e88ce0a09f8bc8606a8c80faef736178e898b55f5b662f6
item_00265,bundle_0067,control,materials_science,18.0,terminal_correction_conflict,,,62,52,15793a495637,dca3be7870b8711c76f9aa5640fe7a246ded6d6c05ab356ef93df91d72942c79
item_00266,bundle_0067,trap,materials_science,18.0,terminal_correction_conflict,,,62,52,650e233357e0,dca3be7870b8711c76f9aa5640fe7a246ded6d6c05ab356ef93df91d72942c79
item_00267,bundle_0067,paraphrase_twin,materials_science,18.0,terminal_correction_conflict,,,62,52,442825687802,dca3be7870b8711c76f9aa5640fe7a246ded6d6c05ab356ef93df91d72942c79
item_00268,bundle_0067,format_twin,materials_science,18.0,terminal_correction_conflict,,,62,52,2c189f260cd1,dca3be7870b8711c76f9aa5640fe7a246ded6d6c05ab356ef93df91d72942c79
item_00269,bundle_0068,control,materials_science,18.0,terminal_correction_conflict,,,49,40,d77e24bcee51,fc45f15bfa3487fa0433494de62f649b608ced0bc6dbdb55d926df75b3bb2486
item_00270,bundle_0068,trap,materials_science,18.0,terminal_correction_conflict,,,49,40,59e379ec5f4c,fc45f15bfa3487fa0433494de62f649b608ced0bc6dbdb55d926df75b3bb2486
item_00271,bundle_0068,paraphrase_twin,materials_science,18.0,terminal_correction_conflict,,,49,40,de769c9249d4,fc45f15bfa3487fa0433494de62f649b608ced0bc6dbdb55d926df75b3bb2486
item_00272,bundle_0068,format_twin,materials_science,18.0,terminal_correction_conflict,,,49,40,eb6a83db4378,fc45f15bfa3487fa0433494de62f649b608ced0bc6dbdb55d926df75b3bb2486
item_00273,bundle_0069,control,materials_science,18.0,researchgym_premature_closure,,,17,56,58e06ee3d5be,91f8c91fa17976e200112e9efb233afdc6609d334a6d2d215503569256b67ae5
item_00274,bundle_0069,trap,materials_science,18.0,researchgym_premature_closure,,,17,56,d29bbd7d3db7,91f8c91fa17976e200112e9efb233afdc6609d334a6d2d215503569256b67ae5
item_00275,bundle_0069,paraphrase_twin,materials_science,18.0,researchgym_premature_closure,,,17,56,16270fe1cbd2,91f8c91fa17976e200112e9efb233afdc6609d334a6d2d215503569256b67ae5
item_00276,bundle_0069,format_twin,materials_science,18.0,researchgym_premature_closure,,,17,56,7ac761b51a77,91f8c91fa17976e200112e9efb233afdc6609d334a6d2d215503569256b67ae5
item_00277,bundle_0070,control,materials_science,20.0,benchage_terminal_temporal_misalignment,,,5,60,a409c65b6e45,8ad085c4399d913e9f00193c635a413a3ce24a32da9c658752a1e780e6dbeb29
item_00278,bundle_0070,trap,materials_science,20.0,benchage_terminal_temporal_misalignment,,,5,60,a718db0d85d5,8ad085c4399d913e9f00193c635a413a3ce24a32da9c658752a1e780e6dbeb29
item_00279,bundle_0070,paraphrase_twin,materials_science,20.0,benchage_terminal_temporal_misalignment,,,5,60,d3fcc2b81670,8ad085c4399d913e9f00193c635a413a3ce24a32da9c658752a1e780e6dbeb29
item_00280,bundle_0070,format_twin,materials_science,20.0,benchage_terminal_temporal_misalignment,,,5,60,f9a1a7c3790c,8ad085c4399d913e9f00193c635a413a3ce24a32da9c658752a1e780e6dbeb29
item_00281,bundle_0071,control,materials_science,20.0,omanic_late_hop_checkpoint,,,16,35,e78f8c22948d,14837b7765b6edd5eedf06c3286e13a8a72b4774340522934e34c6206ec37667
item_00282,bundle_0071,trap,materials_science,20.0,omanic_late_hop_checkpoint,,,16,35,6e4206eda25b,14837b7765b6edd5eedf06c3286e13a8a72b4774340522934e34c6206ec37667
item_00283,bundle_0071,paraphrase_twin,materials_science,20.0,omanic_late_hop_checkpoint,,,16,35,de13699a430b,14837b7765b6edd5eedf06c3286e13a8a72b4774340522934e34c6206ec37667
item_00284,bundle_0071,format_twin,materials_science,20.0,omanic_late_hop_checkpoint,,,16,35,4495602b223c,14837b7765b6edd5eedf06c3286e13a8a72b4774340522934e34c6206ec37667
item_00285,bundle_0072,control,materials_science,20.0,octobench_persistent_hierarchy,,,14,1,5a7dd959466e,478512bdd3a4cbe602ad1ec9fc5dda6c1961e8f7275066fc7ea8a3d60cb7f071
item_00286,bundle_0072,trap,materials_science,20.0,octobench_persistent_hierarchy,,,14,1,9b826d8a544b,478512bdd3a4cbe602ad1ec9fc5dda6c1961e8f7275066fc7ea8a3d60cb7f071
item_00287,bundle_0072,paraphrase_twin,materials_science,20.0,octobench_persistent_hierarchy,,,14,1,d5a117713015,478512bdd3a4cbe602ad1ec9fc5dda6c1961e8f7275066fc7ea8a3d60cb7f071
item_00288,bundle_0072,format_twin,materials_science,20.0,octobench_persistent_hierarchy,,,14,1,0e083687b7ad,478512bdd3a4cbe602ad1ec9fc5dda6c1961e8f7275066fc7ea8a3d60cb7f071
item_00289,bundle_0073,control,neuroscience,9.0,terminal_correction_conflict,,,6,40,f537178e7f28,8c5a73fbb0cff41bb3e3bf9b9f054cd9dd55530111acdac869ab56a988d2dfd8
item_00290,bundle_0073,trap,neuroscience,9.0,terminal_correction_conflict,,,6,40,451a2efe8b9e,8c5a73fbb0cff41bb3e3bf9b9f054cd9dd55530111acdac869ab56a988d2dfd8
item_00291,bundle_0073,paraphrase_twin,neuroscience,9.0,terminal_correction_conflict,,,6,40,462db6aaf3e6,8c5a73fbb0cff41bb3e3bf9b9f054cd9dd55530111acdac869ab56a988d2dfd8
item_00292,bundle_0073,format_twin,neuroscience,9.0,terminal_correction_conflict,,,6,40,17e15631d6cb,8c5a73fbb0cff41bb3e3bf9b9f054cd9dd55530111acdac869ab56a988d2dfd8
item_00293,bundle_0074,control,neuroscience,9.0,terminal_correction_conflict,,,65,54,6cda87ba03b3,a59c8b0e98bf1b3f374466a3d50786ba3831adffebb3b55bfa696272424928ef
item_00294,bundle_0074,trap,neuroscience,9.0,terminal_correction_conflict,,,65,54,58bb5aadc315,a59c8b0e98bf1b3f374466a3d50786ba3831adffebb3b55bfa696272424928ef
item_00295,bundle_0074,paraphrase_twin,neuroscience,9.0,terminal_correction_conflict,,,65,54,50068cd2ff44,a59c8b0e98bf1b3f374466a3d50786ba3831adffebb3b55bfa696272424928ef
item_00296,bundle_0074,format_twin,neuroscience,9.0,terminal_correction_conflict,,,65,54,3a9da108a7b4,a59c8b0e98bf1b3f374466a3d50786ba3831adffebb3b55bfa696272424928ef
item_00297,bundle_0075,control,neuroscience,9.0,conflicts_ranked_source_terminal,,,24,64,6d6886942062,ee09a0960a49c186255b7d1e8d40c1d3ca0161912b74b4407638d9c71ac1ac0a
item_00298,bundle_0075,trap,neuroscience,9.0,conflicts_ranked_source_terminal,,,24,64,48453fa68576,ee09a0960a49c186255b7d1e8d40c1d3ca0161912b74b4407638d9c71ac1ac0a
item_00299,bundle_0075,paraphrase_twin,neuroscience,9.0,conflicts_ranked_source_terminal,,,24,64,5af87c7e51c7,ee09a0960a49c186255b7d1e8d40c1d3ca0161912b74b4407638d9c71ac1ac0a
item_00300,bundle_0075,format_twin,neuroscience,9.0,conflicts_ranked_source_terminal,,,24,64,8750ed0c351f,ee09a0960a49c186255b7d1e8d40c1d3ca0161912b74b4407638d9c71ac1ac0a
item_00301,bundle_0076,control,neuroscience,9.0,omanic_late_hop_checkpoint,,,26,3,0d6fd7b87244,5f4d77f3e382553a399a088bb80a11e66d907e07af2bf00306b103241d85f043
item_00302,bundle_0076,trap,neuroscience,9.0,omanic_late_hop_checkpoint,,,26,3,3f11154e1c22,5f4d77f3e382553a399a088bb80a11e66d907e07af2bf00306b103241d85f043
item_00303,bundle_0076,paraphrase_twin,neuroscience,9.0,omanic_late_hop_checkpoint,,,26,3,95bb6890eef2,5f4d77f3e382553a399a088bb80a11e66d907e07af2bf00306b103241d85f043
item_00304,bundle_0076,format_twin,neuroscience,9.0,omanic_late_hop_checkpoint,,,26,3,12f51d966522,5f4d77f3e382553a399a088bb80a11e66d907e07af2bf00306b103241d85f043
item_00305,bundle_0077,control,neuroscience,12.0,terminal_correction_conflict,,,77,59,4b7cf62a347b,90ccf73f88f60f0008c8f6b725dbe205d22c4ed82975fe0ca2216afd18ea792a
item_00306,bundle_0077,trap,neuroscience,12.0,terminal_correction_conflict,,,77,59,646cbdb3679f,90ccf73f88f60f0008c8f6b725dbe205d22c4ed82975fe0ca2216afd18ea792a
item_00307,bundle_0077,paraphrase_twin,neuroscience,12.0,terminal_correction_conflict,,,77,59,fd1740e08110,90ccf73f88f60f0008c8f6b725dbe205d22c4ed82975fe0ca2216afd18ea792a
item_00308,bundle_0077,format_twin,neuroscience,12.0,terminal_correction_conflict,,,77,59,c6f1b4605722,90ccf73f88f60f0008c8f6b725dbe205d22c4ed82975fe0ca2216afd18ea792a
item_00309,bundle_0078,control,neuroscience,12.0,conflicts_ranked_source_terminal,,,54,22,77601552de44,6b242ea05038f7f61e2072380810e567de774873e9141f94eae1dbcfe2da7720
item_00310,bundle_0078,trap,neuroscience,12.0,conflicts_ranked_source_terminal,,,54,22,dfcdac3bf56c,6b242ea05038f7f61e2072380810e567de774873e9141f94eae1dbcfe2da7720
item_00311,bundle_0078,paraphrase_twin,neuroscience,12.0,conflicts_ranked_source_terminal,,,54,22,90296a5fb53f,6b242ea05038f7f61e2072380810e567de774873e9141f94eae1dbcfe2da7720
item_00312,bundle_0078,format_twin,neuroscience,12.0,conflicts_ranked_source_terminal,,,54,22,d809356789ac,6b242ea05038f7f61e2072380810e567de774873e9141f94eae1dbcfe2da7720
item_00313,bundle_0079,control,neuroscience,12.0,omanic_late_hop_checkpoint,,,10,59,02c589336d09,f34fbc10c9a4eca414fe7eb224c88faf706fc872ad08bb05232ca95f8bd9dd69
item_00314,bundle_0079,trap,neuroscience,12.0,omanic_late_hop_checkpoint,,,10,59,20e3bef3e04c,f34fbc10c9a4eca414fe7eb224c88faf706fc872ad08bb05232ca95f8bd9dd69
item_00315,bundle_0079,paraphrase_twin,neuroscience,12.0,omanic_late_hop_checkpoint,,,10,59,0523e39a2289,f34fbc10c9a4eca414fe7eb224c88faf706fc872ad08bb05232ca95f8bd9dd69
item_00316,bundle_0079,format_twin,neuroscience,12.0,omanic_late_hop_checkpoint,,,10,59,28064e707e7b,f34fbc10c9a4eca414fe7eb224c88faf706fc872ad08bb05232ca95f8bd9dd69
item_00317,bundle_0080,control,neuroscience,12.0,researchgym_premature_closure,,,62,5,6cd9527bb386,7e22d4318738185c0fe66bc1d10a4fbb11c672a8bedf3922f72fd169464cf70b
item_00318,bundle_0080,trap,neuroscience,12.0,researchgym_premature_closure,,,62,5,16b74b4a43c9,7e22d4318738185c0fe66bc1d10a4fbb11c672a8bedf3922f72fd169464cf70b
item_00319,bundle_0080,paraphrase_twin,neuroscience,12.0,researchgym_premature_closure,,,62,5,b7ad5be1eeb4,7e22d4318738185c0fe66bc1d10a4fbb11c672a8bedf3922f72fd169464cf70b
item_00320,bundle_0080,format_twin,neuroscience,12.0,researchgym_premature_closure,,,62,5,b31402bbb56e,7e22d4318738185c0fe66bc1d10a4fbb11c672a8bedf3922f72fd169464cf70b
item_00321,bundle_0081,control,neuroscience,12.0,conflicts_ranked_source_terminal,,,37,48,bf7c8e560f20,f48bb7bc7fac6a16ddec52ccd2b2468bf386210d7444d97a735a2d30251ec9fc
item_00322,bundle_0081,trap,neuroscience,12.0,conflicts_ranked_source_terminal,,,37,48,ea15ba252b05,f48bb7bc7fac6a16ddec52ccd2b2468bf386210d7444d97a735a2d30251ec9fc
item_00323,bundle_0081,paraphrase_twin,neuroscience,12.0,conflicts_ranked_source_terminal,,,37,48,8c5768104dbb,f48bb7bc7fac6a16ddec52ccd2b2468bf386210d7444d97a735a2d30251ec9fc
item_00324,bundle_0081,format_twin,neuroscience,12.0,conflicts_ranked_source_terminal,,,37,48,5697387e59b5,f48bb7bc7fac6a16ddec52ccd2b2468bf386210d7444d97a735a2d30251ec9fc
item_00325,bundle_0082,control,neuroscience,15.0,terminal_correction_conflict,,,39,48,de6383b50a71,1b77203d7540fa6c7760ae41f83a1140a848cefe7545aedcde3b889f5024afe2
item_00326,bundle_0082,trap,neuroscience,15.0,terminal_correction_conflict,,,39,48,c78009c1df84,1b77203d7540fa6c7760ae41f83a1140a848cefe7545aedcde3b889f5024afe2
item_00327,bundle_0082,paraphrase_twin,neuroscience,15.0,terminal_correction_conflict,,,39,48,3ef9e17ab83f,1b77203d7540fa6c7760ae41f83a1140a848cefe7545aedcde3b889f5024afe2
item_00328,bundle_0082,format_twin,neuroscience,15.0,terminal_correction_conflict,,,39,48,f800b45716c1,1b77203d7540fa6c7760ae41f83a1140a848cefe7545aedcde3b889f5024afe2
item_00329,bundle_0083,control,neuroscience,15.0,conflicts_ranked_source_terminal,,,10,55,3211e2dc608c,00e710742d191dedcd87e064b32b562a9b0ed0dd8eb07504d2a2f57e3297d089
item_00330,bundle_0083,trap,neuroscience,15.0,conflicts_ranked_source_terminal,,,10,55,d803f6318c04,00e710742d191dedcd87e064b32b562a9b0ed0dd8eb07504d2a2f57e3297d089
item_00331,bundle_0083,paraphrase_twin,neuroscience,15.0,conflicts_ranked_source_terminal,,,10,55,02856efa9e75,00e710742d191dedcd87e064b32b562a9b0ed0dd8eb07504d2a2f57e3297d089
item_00332,bundle_0083,format_twin,neuroscience,15.0,conflicts_ranked_source_terminal,,,10,55,195ad65a2a5b,00e710742d191dedcd87e064b32b562a9b0ed0dd8eb07504d2a2f57e3297d089
item_00333,bundle_0084,control,neuroscience,15.0,benchage_terminal_temporal_misalignment,,,39,66,4702df3e0852,c82b640b0d69e34c84914395d6173e197157d4ff07c5e55f8e54437f35fb66fa
item_00334,bundle_0084,trap,neuroscience,15.0,benchage_terminal_temporal_misalignment,,,39,66,7d31df500528,c82b640b0d69e34c84914395d6173e197157d4ff07c5e55f8e54437f35fb66fa
item_00335,bundle_0084,paraphrase_twin,neuroscience,15.0,benchage_terminal_temporal_misalignment,,,39,66,591e4165a3df,c82b640b0d69e34c84914395d6173e197157d4ff07c5e55f8e54437f35fb66fa
item_00336,bundle_0084,format_twin,neuroscience,15.0,benchage_terminal_temporal_misalignment,,,39,66,3f2e5e9b208a,c82b640b0d69e34c84914395d6173e197157d4ff07c5e55f8e54437f35fb66fa
item_00337,bundle_0085,control,neuroscience,15.0,terminal_correction_conflict,,,49,74,469682581ecd,ee1c623deda36c6218d392750ec8407eacb89858edace8661c4fa96fcd233030
item_00338,bundle_0085,trap,neuroscience,15.0,terminal_correction_conflict,,,49,74,b896d5cd6c3c,ee1c623deda36c6218d392750ec8407eacb89858edace8661c4fa96fcd233030
item_00339,bundle_0085,paraphrase_twin,neuroscience,15.0,terminal_correction_conflict,,,49,74,b4e3d5d1d39d,ee1c623deda36c6218d392750ec8407eacb89858edace8661c4fa96fcd233030
item_00340,bundle_0085,format_twin,neuroscience,15.0,terminal_correction_conflict,,,49,74,aeb745a8fda9,ee1c623deda36c6218d392750ec8407eacb89858edace8661c4fa96fcd233030
item_00341,bundle_0086,control,neuroscience,15.0,researchgym_premature_closure,,,78,65,faa7d4eb19bc,15e55168af0f36adb85f2a14912bfd40635f218637ed0c12ed4b164cc4bcc1d2
item_00342,bundle_0086,trap,neuroscience,15.0,researchgym_premature_closure,,,78,65,8c27c7325783,15e55168af0f36adb85f2a14912bfd40635f218637ed0c12ed4b164cc4bcc1d2
item_00343,bundle_0086,paraphrase_twin,neuroscience,15.0,researchgym_premature_closure,,,78,65,f2b4d9b9ad84,15e55168af0f36adb85f2a14912bfd40635f218637ed0c12ed4b164cc4bcc1d2
item_00344,bundle_0086,format_twin,neuroscience,15.0,researchgym_premature_closure,,,78,65,e6ef8a64fe43,15e55168af0f36adb85f2a14912bfd40635f218637ed0c12ed4b164cc4bcc1d2
item_00345,bundle_0087,control,neuroscience,15.0,octobench_persistent_hierarchy,,,42,54,3485240909e6,0cb1a4d9d3bfe154a08f66e4bd59674858aa9677a2653eb019ef2f3eef97f464
item_00346,bundle_0087,trap,neuroscience,15.0,octobench_persistent_hierarchy,,,42,54,345e312bd582,0cb1a4d9d3bfe154a08f66e4bd59674858aa9677a2653eb019ef2f3eef97f464
item_00347,bundle_0087,paraphrase_twin,neuroscience,15.0,octobench_persistent_hierarchy,,,42,54,188b182423fe,0cb1a4d9d3bfe154a08f66e4bd59674858aa9677a2653eb019ef2f3eef97f464
item_00348,bundle_0087,format_twin,neuroscience,15.0,octobench_persistent_hierarchy,,,42,54,00ad578a35dd,0cb1a4d9d3bfe154a08f66e4bd59674858aa9677a2653eb019ef2f3eef97f464
item_00349,bundle_0088,control,neuroscience,18.0,terminal_correction_conflict,,,67,46,f7683f1b8cad,42dbd165d104bec0a2645ecd75a4b6914aeed8c7b37b8b6a2f8cf51a18befe89
item_00350,bundle_0088,trap,neuroscience,18.0,terminal_correction_conflict,,,67,46,a3b62c68088a,42dbd165d104bec0a2645ecd75a4b6914aeed8c7b37b8b6a2f8cf51a18befe89
item_00351,bundle_0088,paraphrase_twin,neuroscience,18.0,terminal_correction_conflict,,,67,46,f48f75c1b9a8,42dbd165d104bec0a2645ecd75a4b6914aeed8c7b37b8b6a2f8cf51a18befe89
item_00352,bundle_0088,format_twin,neuroscience,18.0,terminal_correction_conflict,,,67,46,abc5e9dfdc4d,42dbd165d104bec0a2645ecd75a4b6914aeed8c7b37b8b6a2f8cf51a18befe89
item_00353,bundle_0089,control,neuroscience,18.0,omanic_late_hop_checkpoint,,,49,80,98f119ff9401,2623be42a99712e66351762cc48ba300a7af3a315711940879ce0de6eae0b1d3
item_00354,bundle_0089,trap,neuroscience,18.0,omanic_late_hop_checkpoint,,,49,80,8d471433660b,2623be42a99712e66351762cc48ba300a7af3a315711940879ce0de6eae0b1d3
item_00355,bundle_0089,paraphrase_twin,neuroscience,18.0,omanic_late_hop_checkpoint,,,49,80,1dbb66ebc2fe,2623be42a99712e66351762cc48ba300a7af3a315711940879ce0de6eae0b1d3
item_00356,bundle_0089,format_twin,neuroscience,18.0,omanic_late_hop_checkpoint,,,49,80,64b04503b3e0,2623be42a99712e66351762cc48ba300a7af3a315711940879ce0de6eae0b1d3
item_00357,bundle_0090,control,neuroscience,18.0,researchgym_premature_closure,,,93,3,6f67958fa535,6917149714c1b826acecd4b832d009e6965e8cee2c86af6d356de5219f1a563e
item_00358,bundle_0090,trap,neuroscience,18.0,researchgym_premature_closure,,,93,3,779839a4160e,6917149714c1b826acecd4b832d009e6965e8cee2c86af6d356de5219f1a563e
item_00359,bundle_0090,paraphrase_twin,neuroscience,18.0,researchgym_premature_closure,,,93,3,eeb870a09ccd,6917149714c1b826acecd4b832d009e6965e8cee2c86af6d356de5219f1a563e
item_00360,bundle_0090,format_twin,neuroscience,18.0,researchgym_premature_closure,,,93,3,2e29d1e0256f,6917149714c1b826acecd4b832d009e6965e8cee2c86af6d356de5219f1a563e
item_00361,bundle_0091,control,neuroscience,18.0,terminal_correction_conflict,,,48,25,d98219e9bde4,7b7a2ad1c832b6fb8c90d3a50e2a7e7d947bc7f496eef21b27879b98149acab2
item_00362,bundle_0091,trap,neuroscience,18.0,terminal_correction_conflict,,,48,25,bd184b4b4368,7b7a2ad1c832b6fb8c90d3a50e2a7e7d947bc7f496eef21b27879b98149acab2
item_00363,bundle_0091,paraphrase_twin,neuroscience,18.0,terminal_correction_conflict,,,48,25,66e646d34288,7b7a2ad1c832b6fb8c90d3a50e2a7e7d947bc7f496eef21b27879b98149acab2
item_00364,bundle_0091,format_twin,neuroscience,18.0,terminal_correction_conflict,,,48,25,9a036585df28,7b7a2ad1c832b6fb8c90d3a50e2a7e7d947bc7f496eef21b27879b98149acab2
item_00365,bundle_0092,control,neuroscience,18.0,benchage_terminal_temporal_misalignment,,,24,33,7e8183b5472b,c0c4d50cc9771f9730208347777c9b4267d71caaa47e28cd77cc95ce4310cc7b
item_00366,bundle_0092,trap,neuroscience,18.0,benchage_terminal_temporal_misalignment,,,24,33,bba49930d02f,c0c4d50cc9771f9730208347777c9b4267d71caaa47e28cd77cc95ce4310cc7b
item_00367,bundle_0092,paraphrase_twin,neuroscience,18.0,benchage_terminal_temporal_misalignment,,,24,33,9bccb3b3af42,c0c4d50cc9771f9730208347777c9b4267d71caaa47e28cd77cc95ce4310cc7b
item_00368,bundle_0092,format_twin,neuroscience,18.0,benchage_terminal_temporal_misalignment,,,24,33,d4f505bcc43f,c0c4d50cc9771f9730208347777c9b4267d71caaa47e28cd77cc95ce4310cc7b
item_00369,bundle_0093,control,neuroscience,18.0,conflicts_ranked_source_terminal,,,55,89,6df88c398c66,ddba18d91f0af40e141b4462ab3f174529c7b3c5c66ff660f396fb3f2a21b69a
item_00370,bundle_0093,trap,neuroscience,18.0,conflicts_ranked_source_terminal,,,55,89,574b0563fd8d,ddba18d91f0af40e141b4462ab3f174529c7b3c5c66ff660f396fb3f2a21b69a
item_00371,bundle_0093,paraphrase_twin,neuroscience,18.0,conflicts_ranked_source_terminal,,,55,89,d147553dda3a,ddba18d91f0af40e141b4462ab3f174529c7b3c5c66ff660f396fb3f2a21b69a
item_00372,bundle_0093,format_twin,neuroscience,18.0,conflicts_ranked_source_terminal,,,55,89,5acd1ae321f1,ddba18d91f0af40e141b4462ab3f174529c7b3c5c66ff660f396fb3f2a21b69a
item_00373,bundle_0094,control,neuroscience,20.0,octobench_persistent_hierarchy,,,66,81,b1efcaa156b8,d909985ff74c531ec9268341b1f631a12743432cdddf03238cd92225db95ca09
item_00374,bundle_0094,trap,neuroscience,20.0,octobench_persistent_hierarchy,,,66,81,65f18de6accb,d909985ff74c531ec9268341b1f631a12743432cdddf03238cd92225db95ca09
item_00375,bundle_0094,paraphrase_twin,neuroscience,20.0,octobench_persistent_hierarchy,,,66,81,497b1f71e064,d909985ff74c531ec9268341b1f631a12743432cdddf03238cd92225db95ca09
item_00376,bundle_0094,format_twin,neuroscience,20.0,octobench_persistent_hierarchy,,,66,81,6431dc2c0b22,d909985ff74c531ec9268341b1f631a12743432cdddf03238cd92225db95ca09
item_00377,bundle_0095,control,neuroscience,20.0,octobench_persistent_hierarchy,,,59,13,0df58df0d606,1f1a49f31c3c5b572d131f634402913c8b1eb5fcc0a9d9ac2b2003fdc2314c48
item_00378,bundle_0095,trap,neuroscience,20.0,octobench_persistent_hierarchy,,,59,13,6123b155a0d8,1f1a49f31c3c5b572d131f634402913c8b1eb5fcc0a9d9ac2b2003fdc2314c48
item_00379,bundle_0095,paraphrase_twin,neuroscience,20.0,octobench_persistent_hierarchy,,,59,13,502709ca0531,1f1a49f31c3c5b572d131f634402913c8b1eb5fcc0a9d9ac2b2003fdc2314c48
item_00380,bundle_0095,format_twin,neuroscience,20.0,octobench_persistent_hierarchy,,,59,13,d3bdef775c10,1f1a49f31c3c5b572d131f634402913c8b1eb5fcc0a9d9ac2b2003fdc2314c48
item_00381,bundle_0096,control,neuroscience,20.0,octobench_persistent_hierarchy,,,24,89,f78ae618ba77,4885627ada04df92c873bfd7294dead5b765372d9822130b8138d0bee18702b3
item_00382,bundle_0096,trap,neuroscience,20.0,octobench_persistent_hierarchy,,,24,89,b479ad315886,4885627ada04df92c873bfd7294dead5b765372d9822130b8138d0bee18702b3
item_00383,bundle_0096,paraphrase_twin,neuroscience,20.0,octobench_persistent_hierarchy,,,24,89,49c4e8e36400,4885627ada04df92c873bfd7294dead5b765372d9822130b8138d0bee18702b3
item_00384,bundle_0096,format_twin,neuroscience,20.0,octobench_persistent_hierarchy,,,24,89,20d24b2c0f37,4885627ada04df92c873bfd7294dead5b765372d9822130b8138d0bee18702b3
item_00385,bundle_0097,control,pharmacology,9.0,conflicts_ranked_source_terminal,,,51,2,c38306feeb12,428623e6ac73eb22a15ab3f5dfd5f620aabd5c3c33df4e5d6a9bc8dd85f246ab
item_00386,bundle_0097,trap,pharmacology,9.0,conflicts_ranked_source_terminal,,,51,2,46d874fd0991,428623e6ac73eb22a15ab3f5dfd5f620aabd5c3c33df4e5d6a9bc8dd85f246ab
item_00387,bundle_0097,paraphrase_twin,pharmacology,9.0,conflicts_ranked_source_terminal,,,51,2,f3f93ce389d0,428623e6ac73eb22a15ab3f5dfd5f620aabd5c3c33df4e5d6a9bc8dd85f246ab
item_00388,bundle_0097,format_twin,pharmacology,9.0,conflicts_ranked_source_terminal,,,51,2,f058ea940987,428623e6ac73eb22a15ab3f5dfd5f620aabd5c3c33df4e5d6a9bc8dd85f246ab
item_00389,bundle_0098,control,pharmacology,9.0,terminal_correction_conflict,,,37,4,e0cff63b3f32,a6375c1147797ed23873e40962808397bc9e50309e35a8e8ee9bf7bf3b508cf4
item_00390,bundle_0098,trap,pharmacology,9.0,terminal_correction_conflict,,,37,4,a995dcd57188,a6375c1147797ed23873e40962808397bc9e50309e35a8e8ee9bf7bf3b508cf4
item_00391,bundle_0098,paraphrase_twin,pharmacology,9.0,terminal_correction_conflict,,,37,4,80147fd5b2b2,a6375c1147797ed23873e40962808397bc9e50309e35a8e8ee9bf7bf3b508cf4
item_00392,bundle_0098,format_twin,pharmacology,9.0,terminal_correction_conflict,,,37,4,1601ae27a24c,a6375c1147797ed23873e40962808397bc9e50309e35a8e8ee9bf7bf3b508cf4
item_00393,bundle_0099,control,pharmacology,9.0,terminal_correction_conflict,,,3,59,f87ac0cde99e,ab6ded59fe0fa84edaf9d5e4569807cad1082c5184a0da9bf93b1e2bf40bb815
item_00394,bundle_0099,trap,pharmacology,9.0,terminal_correction_conflict,,,3,59,8e15f57ec117,ab6ded59fe0fa84edaf9d5e4569807cad1082c5184a0da9bf93b1e2bf40bb815
item_00395,bundle_0099,paraphrase_twin,pharmacology,9.0,terminal_correction_conflict,,,3,59,38da354d5434,ab6ded59fe0fa84edaf9d5e4569807cad1082c5184a0da9bf93b1e2bf40bb815
item_00396,bundle_0099,format_twin,pharmacology,9.0,terminal_correction_conflict,,,3,59,aa07a3339168,ab6ded59fe0fa84edaf9d5e4569807cad1082c5184a0da9bf93b1e2bf40bb815
item_00397,bundle_0100,control,pharmacology,9.0,conflicts_ranked_source_terminal,,,55,35,431176427548,421863140992500fa8cbf5f27166146b0bd91244e75c257d976d9231c0e9cf49
item_00398,bundle_0100,trap,pharmacology,9.0,conflicts_ranked_source_terminal,,,55,35,6f259f0ccef2,421863140992500fa8cbf5f27166146b0bd91244e75c257d976d9231c0e9cf49
item_00399,bundle_0100,paraphrase_twin,pharmacology,9.0,conflicts_ranked_source_terminal,,,55,35,64729de7beae,421863140992500fa8cbf5f27166146b0bd91244e75c257d976d9231c0e9cf49
item_00400,bundle_0100,format_twin,pharmacology,9.0,conflicts_ranked_source_terminal,,,55,35,a6041aebb34e,421863140992500fa8cbf5f27166146b0bd91244e75c257d976d9231c0e9cf49
item_00401,bundle_0101,control,pharmacology,12.0,researchgym_premature_closure,,,5,45,b4569f257b5d,39e008ea4f18c1e9f675ec0cf135815a59124f83055680f23050264977182638
item_00402,bundle_0101,trap,pharmacology,12.0,researchgym_premature_closure,,,5,45,5c65357faa81,39e008ea4f18c1e9f675ec0cf135815a59124f83055680f23050264977182638
item_00403,bundle_0101,paraphrase_twin,pharmacology,12.0,researchgym_premature_closure,,,5,45,6e38fd346931,39e008ea4f18c1e9f675ec0cf135815a59124f83055680f23050264977182638
item_00404,bundle_0101,format_twin,pharmacology,12.0,researchgym_premature_closure,,,5,45,ff02483e54dd,39e008ea4f18c1e9f675ec0cf135815a59124f83055680f23050264977182638
item_00405,bundle_0102,control,pharmacology,12.0,terminal_correction_conflict,,,29,41,53f8d78cc7b2,6eec8d4693deec1629b70467ed4cef2e714e2c318fc623902641ed99692d24db
item_00406,bundle_0102,trap,pharmacology,12.0,terminal_correction_conflict,,,29,41,fa9dd43f7f81,6eec8d4693deec1629b70467ed4cef2e714e2c318fc623902641ed99692d24db
item_00407,bundle_0102,paraphrase_twin,pharmacology,12.0,terminal_correction_conflict,,,29,41,9b6609ff8042,6eec8d4693deec1629b70467ed4cef2e714e2c318fc623902641ed99692d24db
item_00408,bundle_0102,format_twin,pharmacology,12.0,terminal_correction_conflict,,,29,41,486b8fe90e76,6eec8d4693deec1629b70467ed4cef2e714e2c318fc623902641ed99692d24db
item_00409,bundle_0103,control,pharmacology,12.0,benchage_terminal_temporal_misalignment,,,82,9,1d20fa67e69e,99a7aaf12ed7aaa6c84bdd03d326f8aca4fa630d0ad907631066ccbd787867e2
item_00410,bundle_0103,trap,pharmacology,12.0,benchage_terminal_temporal_misalignment,,,82,9,223c39f33bcf,99a7aaf12ed7aaa6c84bdd03d326f8aca4fa630d0ad907631066ccbd787867e2
item_00411,bundle_0103,paraphrase_twin,pharmacology,12.0,benchage_terminal_temporal_misalignment,,,82,9,a8679517a7df,99a7aaf12ed7aaa6c84bdd03d326f8aca4fa630d0ad907631066ccbd787867e2
item_00412,bundle_0103,format_twin,pharmacology,12.0,benchage_terminal_temporal_misalignment,,,82,9,f2f957b3eb52,99a7aaf12ed7aaa6c84bdd03d326f8aca4fa630d0ad907631066ccbd787867e2
item_00413,bundle_0104,control,pharmacology,12.0,researchgym_premature_closure,,,47,58,43241a908d1b,54b86d462fc894b78f5c32b759d95deb8ad12156ccece4865f4e507dcb72598d
item_00414,bundle_0104,trap,pharmacology,12.0,researchgym_premature_closure,,,47,58,d64ae2281a30,54b86d462fc894b78f5c32b759d95deb8ad12156ccece4865f4e507dcb72598d
item_00415,bundle_0104,paraphrase_twin,pharmacology,12.0,researchgym_premature_closure,,,47,58,c7f43c86791d,54b86d462fc894b78f5c32b759d95deb8ad12156ccece4865f4e507dcb72598d
item_00416,bundle_0104,format_twin,pharmacology,12.0,researchgym_premature_closure,,,47,58,af5b59a951bc,54b86d462fc894b78f5c32b759d95deb8ad12156ccece4865f4e507dcb72598d
item_00417,bundle_0105,control,pharmacology,12.0,octobench_persistent_hierarchy,,,64,44,6c4bf14c2d73,4eeba1e40ca529875789a3173c269c4632861f7ec74bc9120ba0bb4503312c34
item_00418,bundle_0105,trap,pharmacology,12.0,octobench_persistent_hierarchy,,,64,44,7dbbce602320,4eeba1e40ca529875789a3173c269c4632861f7ec74bc9120ba0bb4503312c34
item_00419,bundle_0105,paraphrase_twin,pharmacology,12.0,octobench_persistent_hierarchy,,,64,44,d2eade7f2686,4eeba1e40ca529875789a3173c269c4632861f7ec74bc9120ba0bb4503312c34
item_00420,bundle_0105,format_twin,pharmacology,12.0,octobench_persistent_hierarchy,,,64,44,e4e2bf11ef37,4eeba1e40ca529875789a3173c269c4632861f7ec74bc9120ba0bb4503312c34
item_00421,bundle_0106,control,pharmacology,15.0,terminal_correction_conflict,,,1,30,23e945b3d63c,e0313c7b52a7fa3023c1c29595e6f6f24398d3d9da7704d416a5669b5c93d245
item_00422,bundle_0106,trap,pharmacology,15.0,terminal_correction_conflict,,,1,30,d3a3babf1185,e0313c7b52a7fa3023c1c29595e6f6f24398d3d9da7704d416a5669b5c93d245
item_00423,bundle_0106,paraphrase_twin,pharmacology,15.0,terminal_correction_conflict,,,1,30,efeb711dd260,e0313c7b52a7fa3023c1c29595e6f6f24398d3d9da7704d416a5669b5c93d245
item_00424,bundle_0106,format_twin,pharmacology,15.0,terminal_correction_conflict,,,1,30,45c660081e95,e0313c7b52a7fa3023c1c29595e6f6f24398d3d9da7704d416a5669b5c93d245
item_00425,bundle_0107,control,pharmacology,15.0,omanic_late_hop_checkpoint,,,45,64,e4bab35128f8,a57d1b6683de69d3e7e6c953b8619d1fe37ef1ccc1b70315332289169c29f6db
item_00426,bundle_0107,trap,pharmacology,15.0,omanic_late_hop_checkpoint,,,45,64,a2b1dfbc78f2,a57d1b6683de69d3e7e6c953b8619d1fe37ef1ccc1b70315332289169c29f6db
item_00427,bundle_0107,paraphrase_twin,pharmacology,15.0,omanic_late_hop_checkpoint,,,45,64,00d826fb2dd3,a57d1b6683de69d3e7e6c953b8619d1fe37ef1ccc1b70315332289169c29f6db
item_00428,bundle_0107,format_twin,pharmacology,15.0,omanic_late_hop_checkpoint,,,45,64,ada5309c2d8e,a57d1b6683de69d3e7e6c953b8619d1fe37ef1ccc1b70315332289169c29f6db
item_00429,bundle_0108,control,pharmacology,15.0,conflicts_ranked_source_terminal,,,44,26,8299a0044f2e,21b119c339d8178968639796e169e9de7da43c36a09dde1edd3865d2b74204b3
item_00430,bundle_0108,trap,pharmacology,15.0,conflicts_ranked_source_terminal,,,44,26,0d0ae37463f0,21b119c339d8178968639796e169e9de7da43c36a09dde1edd3865d2b74204b3
item_00431,bundle_0108,paraphrase_twin,pharmacology,15.0,conflicts_ranked_source_terminal,,,44,26,15c407e568ae,21b119c339d8178968639796e169e9de7da43c36a09dde1edd3865d2b74204b3
item_00432,bundle_0108,format_twin,pharmacology,15.0,conflicts_ranked_source_terminal,,,44,26,c0b5f3ef0186,21b119c339d8178968639796e169e9de7da43c36a09dde1edd3865d2b74204b3
item_00433,bundle_0109,control,pharmacology,15.0,terminal_correction_conflict,,,37,18,f044151aab97,d1889df44a1e720d0f5e1265eff4ed34f764cd4e3cb1acdddfe46c57814fff01
item_00434,bundle_0109,trap,pharmacology,15.0,terminal_correction_conflict,,,37,18,2593e668dfca,d1889df44a1e720d0f5e1265eff4ed34f764cd4e3cb1acdddfe46c57814fff01
item_00435,bundle_0109,paraphrase_twin,pharmacology,15.0,terminal_correction_conflict,,,37,18,6fbae0104801,d1889df44a1e720d0f5e1265eff4ed34f764cd4e3cb1acdddfe46c57814fff01
item_00436,bundle_0109,format_twin,pharmacology,15.0,terminal_correction_conflict,,,37,18,907acbb0b2f9,d1889df44a1e720d0f5e1265eff4ed34f764cd4e3cb1acdddfe46c57814fff01
item_00437,bundle_0110,control,pharmacology,15.0,omanic_late_hop_checkpoint,,,48,34,52dc8f9ef55f,6803a8d710f6d8d536527f12c102141fd6423cd3c82548f4815622f556413865
item_00438,bundle_0110,trap,pharmacology,15.0,omanic_late_hop_checkpoint,,,48,34,5dfb61daf890,6803a8d710f6d8d536527f12c102141fd6423cd3c82548f4815622f556413865
item_00439,bundle_0110,paraphrase_twin,pharmacology,15.0,omanic_late_hop_checkpoint,,,48,34,135806eb5581,6803a8d710f6d8d536527f12c102141fd6423cd3c82548f4815622f556413865
item_00440,bundle_0110,format_twin,pharmacology,15.0,omanic_late_hop_checkpoint,,,48,34,bed5fc0264ae,6803a8d710f6d8d536527f12c102141fd6423cd3c82548f4815622f556413865
item_00441,bundle_0111,control,pharmacology,15.0,benchage_terminal_temporal_misalignment,,,23,3,997f877d8c74,a79e1a10d44a074f77f6f014dd9c6cf9475f9e5f20d597e62ddfd888b581b68e
item_00442,bundle_0111,trap,pharmacology,15.0,benchage_terminal_temporal_misalignment,,,23,3,5d29b347cc47,a79e1a10d44a074f77f6f014dd9c6cf9475f9e5f20d597e62ddfd888b581b68e
item_00443,bundle_0111,paraphrase_twin,pharmacology,15.0,benchage_terminal_temporal_misalignment,,,23,3,1b2ab12dff38,a79e1a10d44a074f77f6f014dd9c6cf9475f9e5f20d597e62ddfd888b581b68e
item_00444,bundle_0111,format_twin,pharmacology,15.0,benchage_terminal_temporal_misalignment,,,23,3,a8b9878ea7e7,a79e1a10d44a074f77f6f014dd9c6cf9475f9e5f20d597e62ddfd888b581b68e
item_00445,bundle_0112,control,pharmacology,18.0,researchgym_premature_closure,,,43,3,94bcc563895a,db16b2cb4255806ed021ebd2eaeefdb4162d604ab2e8f0d144c7958d3417b464
item_00446,bundle_0112,trap,pharmacology,18.0,researchgym_premature_closure,,,43,3,2b754f60c0e8,db16b2cb4255806ed021ebd2eaeefdb4162d604ab2e8f0d144c7958d3417b464
item_00447,bundle_0112,paraphrase_twin,pharmacology,18.0,researchgym_premature_closure,,,43,3,d045a394d3a0,db16b2cb4255806ed021ebd2eaeefdb4162d604ab2e8f0d144c7958d3417b464
item_00448,bundle_0112,format_twin,pharmacology,18.0,researchgym_premature_closure,,,43,3,510f3ca0282f,db16b2cb4255806ed021ebd2eaeefdb4162d604ab2e8f0d144c7958d3417b464
item_00449,bundle_0113,control,pharmacology,18.0,conflicts_ranked_source_terminal,,,26,79,a08f5e46e3f6,851ce38abbe7cc845093a072258365d212d22af0967f4ad0e16200c187f03104
item_00450,bundle_0113,trap,pharmacology,18.0,conflicts_ranked_source_terminal,,,26,79,a8aba7587523,851ce38abbe7cc845093a072258365d212d22af0967f4ad0e16200c187f03104
item_00451,bundle_0113,paraphrase_twin,pharmacology,18.0,conflicts_ranked_source_terminal,,,26,79,a6bfa4c9b2cd,851ce38abbe7cc845093a072258365d212d22af0967f4ad0e16200c187f03104
item_00452,bundle_0113,format_twin,pharmacology,18.0,conflicts_ranked_source_terminal,,,26,79,d46811156cfc,851ce38abbe7cc845093a072258365d212d22af0967f4ad0e16200c187f03104
item_00453,bundle_0114,control,pharmacology,18.0,octobench_persistent_hierarchy,,,33,53,237baa929a57,abfe5df808b9436a7fb6d774cfd68df5a6071770094a4ac558e0215b744ad5a4
item_00454,bundle_0114,trap,pharmacology,18.0,octobench_persistent_hierarchy,,,33,53,2c439ef9b7d0,abfe5df808b9436a7fb6d774cfd68df5a6071770094a4ac558e0215b744ad5a4
item_00455,bundle_0114,paraphrase_twin,pharmacology,18.0,octobench_persistent_hierarchy,,,33,53,4547f7393009,abfe5df808b9436a7fb6d774cfd68df5a6071770094a4ac558e0215b744ad5a4
item_00456,bundle_0114,format_twin,pharmacology,18.0,octobench_persistent_hierarchy,,,33,53,ffad63774c18,abfe5df808b9436a7fb6d774cfd68df5a6071770094a4ac558e0215b744ad5a4
item_00457,bundle_0115,control,pharmacology,18.0,terminal_correction_conflict,,,38,13,7f9c6f214ab8,aa923b495006eb428593c38b7e608b5872e9b96564f7619b8ca9afe648ba067d
item_00458,bundle_0115,trap,pharmacology,18.0,terminal_correction_conflict,,,38,13,046a41d9133d,aa923b495006eb428593c38b7e608b5872e9b96564f7619b8ca9afe648ba067d
item_00459,bundle_0115,paraphrase_twin,pharmacology,18.0,terminal_correction_conflict,,,38,13,12e3998507a1,aa923b495006eb428593c38b7e608b5872e9b96564f7619b8ca9afe648ba067d
item_00460,bundle_0115,format_twin,pharmacology,18.0,terminal_correction_conflict,,,38,13,a7cf1697b435,aa923b495006eb428593c38b7e608b5872e9b96564f7619b8ca9afe648ba067d
item_00461,bundle_0116,control,pharmacology,18.0,octobench_persistent_hierarchy,,,75,43,013da127623e,246c25a91335a0976e9b0bd1786a41b234c68a14e985ee1dcd2e5146cef948f2
item_00462,bundle_0116,trap,pharmacology,18.0,octobench_persistent_hierarchy,,,75,43,e06bf609287a,246c25a91335a0976e9b0bd1786a41b234c68a14e985ee1dcd2e5146cef948f2
item_00463,bundle_0116,paraphrase_twin,pharmacology,18.0,octobench_persistent_hierarchy,,,75,43,73836fb18495,246c25a91335a0976e9b0bd1786a41b234c68a14e985ee1dcd2e5146cef948f2
item_00464,bundle_0116,format_twin,pharmacology,18.0,octobench_persistent_hierarchy,,,75,43,8c53fab842a4,246c25a91335a0976e9b0bd1786a41b234c68a14e985ee1dcd2e5146cef948f2
item_00465,bundle_0117,control,pharmacology,18.0,conflicts_ranked_source_terminal,,,14,58,d74454b37f82,1bf27a3361aa7b14ef0c908ae9e3627999464fea20ed314930cb3d1e5b4fdb5f
item_00466,bundle_0117,trap,pharmacology,18.0,conflicts_ranked_source_terminal,,,14,58,280ab15278ae,1bf27a3361aa7b14ef0c908ae9e3627999464fea20ed314930cb3d1e5b4fdb5f
item_00467,bundle_0117,paraphrase_twin,pharmacology,18.0,conflicts_ranked_source_terminal,,,14,58,aec2b5f15893,1bf27a3361aa7b14ef0c908ae9e3627999464fea20ed314930cb3d1e5b4fdb5f
item_00468,bundle_0117,format_twin,pharmacology,18.0,conflicts_ranked_source_terminal,,,14,58,ee339d879a32,1bf27a3361aa7b14ef0c908ae9e3627999464fea20ed314930cb3d1e5b4fdb5f
item_00469,bundle_0118,control,pharmacology,20.0,omanic_late_hop_checkpoint,,,52,35,bf2988e39bc3,2d23ced72d2661ed2a25a6fa44351a7afec078fd3dfaf471c0b94ec778480454
item_00470,bundle_0118,trap,pharmacology,20.0,omanic_late_hop_checkpoint,,,52,35,0f8175e130ec,2d23ced72d2661ed2a25a6fa44351a7afec078fd3dfaf471c0b94ec778480454
item_00471,bundle_0118,paraphrase_twin,pharmacology,20.0,omanic_late_hop_checkpoint,,,52,35,0fb2b82a3d1b,2d23ced72d2661ed2a25a6fa44351a7afec078fd3dfaf471c0b94ec778480454
item_00472,bundle_0118,format_twin,pharmacology,20.0,omanic_late_hop_checkpoint,,,52,35,3e5981253504,2d23ced72d2661ed2a25a6fa44351a7afec078fd3dfaf471c0b94ec778480454
item_00473,bundle_0119,control,pharmacology,20.0,octobench_persistent_hierarchy,,,63,79,0799ad64235d,1bf82fefaafb2e9fec0e692b78e57b8ffb3bad475830cf8e080701a616fcbbdd
item_00474,bundle_0119,trap,pharmacology,20.0,octobench_persistent_hierarchy,,,63,79,4ef3c54ab774,1bf82fefaafb2e9fec0e692b78e57b8ffb3bad475830cf8e080701a616fcbbdd
item_00475,bundle_0119,paraphrase_twin,pharmacology,20.0,octobench_persistent_hierarchy,,,63,79,ec0de9dc756d,1bf82fefaafb2e9fec0e692b78e57b8ffb3bad475830cf8e080701a616fcbbdd
item_00476,bundle_0119,format_twin,pharmacology,20.0,octobench_persistent_hierarchy,,,63,79,273dc89d97e0,1bf82fefaafb2e9fec0e692b78e57b8ffb3bad475830cf8e080701a616fcbbdd
item_00477,bundle_0120,control,pharmacology,20.0,terminal_correction_conflict,,,17,68,a8c7d247230e,13fd5da457cbd66669ba726846d83553228663f0955751a0e4994b4e3e4e13c3
item_00478,bundle_0120,trap,pharmacology,20.0,terminal_correction_conflict,,,17,68,873edf4c896c,13fd5da457cbd66669ba726846d83553228663f0955751a0e4994b4e3e4e13c3
item_00479,bundle_0120,paraphrase_twin,pharmacology,20.0,terminal_correction_conflict,,,17,68,8a0e0b74921d,13fd5da457cbd66669ba726846d83553228663f0955751a0e4994b4e3e4e13c3
item_00480,bundle_0120,format_twin,pharmacology,20.0,terminal_correction_conflict,,,17,68,7c5980944475,13fd5da457cbd66669ba726846d83553228663f0955751a0e4994b4e3e4e13c3
item_00481,bundle_0121,control,quantum_device,9.0,octobench_persistent_hierarchy,,,86,66,5f35bf3a1aff,907453c05238c834ad2eb886f7a38f7a890ebb1253f97fb38b9f860b16dfbc07
item_00482,bundle_0121,trap,quantum_device,9.0,octobench_persistent_hierarchy,,,86,66,2363fb138ccd,907453c05238c834ad2eb886f7a38f7a890ebb1253f97fb38b9f860b16dfbc07
item_00483,bundle_0121,paraphrase_twin,quantum_device,9.0,octobench_persistent_hierarchy,,,86,66,02cda62686c3,907453c05238c834ad2eb886f7a38f7a890ebb1253f97fb38b9f860b16dfbc07
item_00484,bundle_0121,format_twin,quantum_device,9.0,octobench_persistent_hierarchy,,,86,66,155c149597d1,907453c05238c834ad2eb886f7a38f7a890ebb1253f97fb38b9f860b16dfbc07
item_00485,bundle_0122,control,quantum_device,9.0,researchgym_premature_closure,,,23,74,9b231d10ab3a,c1d95291a165013424becf372f933b79ea978817717fdb05335e69141401a3cb
item_00486,bundle_0122,trap,quantum_device,9.0,researchgym_premature_closure,,,23,74,09c0579c531f,c1d95291a165013424becf372f933b79ea978817717fdb05335e69141401a3cb
item_00487,bundle_0122,paraphrase_twin,quantum_device,9.0,researchgym_premature_closure,,,23,74,42ed2958dbe4,c1d95291a165013424becf372f933b79ea978817717fdb05335e69141401a3cb
item_00488,bundle_0122,format_twin,quantum_device,9.0,researchgym_premature_closure,,,23,74,397a4773f01f,c1d95291a165013424becf372f933b79ea978817717fdb05335e69141401a3cb
item_00489,bundle_0123,control,quantum_device,9.0,octobench_persistent_hierarchy,,,17,47,e49bcb38f320,325bd0c433265f8e8e7e0d84249166aa33b361308b8660810bdda0425c4cf547
item_00490,bundle_0123,trap,quantum_device,9.0,octobench_persistent_hierarchy,,,17,47,5aafbdcda0ed,325bd0c433265f8e8e7e0d84249166aa33b361308b8660810bdda0425c4cf547
item_00491,bundle_0123,paraphrase_twin,quantum_device,9.0,octobench_persistent_hierarchy,,,17,47,102356155ad2,325bd0c433265f8e8e7e0d84249166aa33b361308b8660810bdda0425c4cf547
item_00492,bundle_0123,format_twin,quantum_device,9.0,octobench_persistent_hierarchy,,,17,47,1d8a512437aa,325bd0c433265f8e8e7e0d84249166aa33b361308b8660810bdda0425c4cf547
item_00493,bundle_0124,control,quantum_device,9.0,omanic_late_hop_checkpoint,,,67,48,f52a7a32bd43,dddf944c761eae139089c2f981936a71fe93ed9efeaa308e771b5d656dce2826
item_00494,bundle_0124,trap,quantum_device,9.0,omanic_late_hop_checkpoint,,,67,48,bf80b1afe69c,dddf944c761eae139089c2f981936a71fe93ed9efeaa308e771b5d656dce2826
item_00495,bundle_0124,paraphrase_twin,quantum_device,9.0,omanic_late_hop_checkpoint,,,67,48,8a7c5c113c47,dddf944c761eae139089c2f981936a71fe93ed9efeaa308e771b5d656dce2826
item_00496,bundle_0124,format_twin,quantum_device,9.0,omanic_late_hop_checkpoint,,,67,48,a2163f6763b7,dddf944c761eae139089c2f981936a71fe93ed9efeaa308e771b5d656dce2826
item_00497,bundle_0125,control,quantum_device,12.0,conflicts_ranked_source_terminal,,,33,12,212d9d036a7f,0e657a0e270d70aa63ab9b5f21764219426961f977c4d36f3ee458d211cf2295
item_00498,bundle_0125,trap,quantum_device,12.0,conflicts_ranked_source_terminal,,,33,12,5990f0adad49,0e657a0e270d70aa63ab9b5f21764219426961f977c4d36f3ee458d211cf2295
item_00499,bundle_0125,paraphrase_twin,quantum_device,12.0,conflicts_ranked_source_terminal,,,33,12,82b61cdf10b2,0e657a0e270d70aa63ab9b5f21764219426961f977c4d36f3ee458d211cf2295
item_00500,bundle_0125,format_twin,quantum_device,12.0,conflicts_ranked_source_terminal,,,33,12,abb24f8fcd0b,0e657a0e270d70aa63ab9b5f21764219426961f977c4d36f3ee458d211cf2295
item_00501,bundle_0126,control,quantum_device,12.0,terminal_correction_conflict,,,85,59,7050c4f44df5,be1e67cbd00d3bf00fa55a9b19566eb1ec9cfd5c3bd35d5eabffc88803c8c58a
item_00502,bundle_0126,trap,quantum_device,12.0,terminal_correction_conflict,,,85,59,b14499d72254,be1e67cbd00d3bf00fa55a9b19566eb1ec9cfd5c3bd35d5eabffc88803c8c58a
item_00503,bundle_0126,paraphrase_twin,quantum_device,12.0,terminal_correction_conflict,,,85,59,73483e26870e,be1e67cbd00d3bf00fa55a9b19566eb1ec9cfd5c3bd35d5eabffc88803c8c58a
item_00504,bundle_0126,format_twin,quantum_device,12.0,terminal_correction_conflict,,,85,59,c6abdbcae98d,be1e67cbd00d3bf00fa55a9b19566eb1ec9cfd5c3bd35d5eabffc88803c8c58a
item_00505,bundle_0127,control,quantum_device,12.0,omanic_late_hop_checkpoint,,,67,36,1d266ed5eb66,41b6db0c41e2b768e92248dd0ca0d7bab3f8feb5d93eb65b969c25a8a67034e7
item_00506,bundle_0127,trap,quantum_device,12.0,omanic_late_hop_checkpoint,,,67,36,147822e9d3be,41b6db0c41e2b768e92248dd0ca0d7bab3f8feb5d93eb65b969c25a8a67034e7
item_00507,bundle_0127,paraphrase_twin,quantum_device,12.0,omanic_late_hop_checkpoint,,,67,36,38854d28f698,41b6db0c41e2b768e92248dd0ca0d7bab3f8feb5d93eb65b969c25a8a67034e7
item_00508,bundle_0127,format_twin,quantum_device,12.0,omanic_late_hop_checkpoint,,,67,36,cc0aca5b3270,41b6db0c41e2b768e92248dd0ca0d7bab3f8feb5d93eb65b969c25a8a67034e7
item_00509,bundle_0128,control,quantum_device,12.0,researchgym_premature_closure,,,4,55,7a5f96c23aed,406ed3339944acfc1ca168518a2846a2c7b5f14f3a506c01db96263c7cf62f4f
item_00510,bundle_0128,trap,quantum_device,12.0,researchgym_premature_closure,,,4,55,c835825354e2,406ed3339944acfc1ca168518a2846a2c7b5f14f3a506c01db96263c7cf62f4f
item_00511,bundle_0128,paraphrase_twin,quantum_device,12.0,researchgym_premature_closure,,,4,55,c0e0d4de2c14,406ed3339944acfc1ca168518a2846a2c7b5f14f3a506c01db96263c7cf62f4f
item_00512,bundle_0128,format_twin,quantum_device,12.0,researchgym_premature_closure,,,4,55,e9aa36421d61,406ed3339944acfc1ca168518a2846a2c7b5f14f3a506c01db96263c7cf62f4f
item_00513,bundle_0129,control,quantum_device,12.0,terminal_correction_conflict,,,80,30,87be0f643aeb,cd5dc1d421ad85c1647778192a335f754fdc9b6241af8bfd08daa6de7f5cc97e
item_00514,bundle_0129,trap,quantum_device,12.0,terminal_correction_conflict,,,80,30,d317b1e0bcf2,cd5dc1d421ad85c1647778192a335f754fdc9b6241af8bfd08daa6de7f5cc97e
item_00515,bundle_0129,paraphrase_twin,quantum_device,12.0,terminal_correction_conflict,,,80,30,55956fb37d68,cd5dc1d421ad85c1647778192a335f754fdc9b6241af8bfd08daa6de7f5cc97e
item_00516,bundle_0129,format_twin,quantum_device,12.0,terminal_correction_conflict,,,80,30,ad01c6f2f68f,cd5dc1d421ad85c1647778192a335f754fdc9b6241af8bfd08daa6de7f5cc97e
item_00517,bundle_0130,control,quantum_device,15.0,benchage_terminal_temporal_misalignment,,,23,15,50632fded62e,a4cbbe980f68bfbe160ea0307ca8ba7ecf7d30f19a9a9006f09fa4c4b9e8a06c
item_00518,bundle_0130,trap,quantum_device,15.0,benchage_terminal_temporal_misalignment,,,23,15,5d6d5ece285c,a4cbbe980f68bfbe160ea0307ca8ba7ecf7d30f19a9a9006f09fa4c4b9e8a06c
item_00519,bundle_0130,paraphrase_twin,quantum_device,15.0,benchage_terminal_temporal_misalignment,,,23,15,ed487208a921,a4cbbe980f68bfbe160ea0307ca8ba7ecf7d30f19a9a9006f09fa4c4b9e8a06c
item_00520,bundle_0130,format_twin,quantum_device,15.0,benchage_terminal_temporal_misalignment,,,23,15,244958a025c7,a4cbbe980f68bfbe160ea0307ca8ba7ecf7d30f19a9a9006f09fa4c4b9e8a06c
item_00521,bundle_0131,control,quantum_device,15.0,terminal_correction_conflict,,,63,88,f5641b77b101,613743ae173f4a3b5f0909215cec52546f6502c12acc4227f564b45daf347693
item_00522,bundle_0131,trap,quantum_device,15.0,terminal_correction_conflict,,,63,88,d4d1d5fecb19,613743ae173f4a3b5f0909215cec52546f6502c12acc4227f564b45daf347693
item_00523,bundle_0131,paraphrase_twin,quantum_device,15.0,terminal_correction_conflict,,,63,88,90cbd518c0a1,613743ae173f4a3b5f0909215cec52546f6502c12acc4227f564b45daf347693
item_00524,bundle_0131,format_twin,quantum_device,15.0,terminal_correction_conflict,,,63,88,54fc0b299513,613743ae173f4a3b5f0909215cec52546f6502c12acc4227f564b45daf347693
item_00525,bundle_0132,control,quantum_device,15.0,benchage_terminal_temporal_misalignment,,,68,0,2b2683e9ce58,5ebc6eb30ed47b44e6dfc1b81a05df32bd9249990039db60ee5f620a85c536c0
item_00526,bundle_0132,trap,quantum_device,15.0,benchage_terminal_temporal_misalignment,,,68,0,615058b99935,5ebc6eb30ed47b44e6dfc1b81a05df32bd9249990039db60ee5f620a85c536c0
item_00527,bundle_0132,paraphrase_twin,quantum_device,15.0,benchage_terminal_temporal_misalignment,,,68,0,50ffc1a7823b,5ebc6eb30ed47b44e6dfc1b81a05df32bd9249990039db60ee5f620a85c536c0
item_00528,bundle_0132,format_twin,quantum_device,15.0,benchage_terminal_temporal_misalignment,,,68,0,d7cafffbe3dc,5ebc6eb30ed47b44e6dfc1b81a05df32bd9249990039db60ee5f620a85c536c0
item_00529,bundle_0133,control,quantum_device,15.0,conflicts_ranked_source_terminal,,,29,6,83d488c8323a,d9e6b779e027c6e8e2ad071a8bfb480a77eda2f93dcc31d4e3840ee7cdfda30a
item_00530,bundle_0133,trap,quantum_device,15.0,conflicts_ranked_source_terminal,,,29,6,736af6c31014,d9e6b779e027c6e8e2ad071a8bfb480a77eda2f93dcc31d4e3840ee7cdfda30a
item_00531,bundle_0133,paraphrase_twin,quantum_device,15.0,conflicts_ranked_source_terminal,,,29,6,6c92860ac555,d9e6b779e027c6e8e2ad071a8bfb480a77eda2f93dcc31d4e3840ee7cdfda30a
item_00532,bundle_0133,format_twin,quantum_device,15.0,conflicts_ranked_source_terminal,,,29,6,6fa28b0107b3,d9e6b779e027c6e8e2ad071a8bfb480a77eda2f93dcc31d4e3840ee7cdfda30a
item_00533,bundle_0134,control,quantum_device,15.0,conflicts_ranked_source_terminal,,,11,29,e5a4cb19706e,44877bc24a9e50ed9d9c9deec434effd9034f726463214cb79f21b5d52e9fb57
item_00534,bundle_0134,trap,quantum_device,15.0,conflicts_ranked_source_terminal,,,11,29,93d92f6a6e24,44877bc24a9e50ed9d9c9deec434effd9034f726463214cb79f21b5d52e9fb57
item_00535,bundle_0134,paraphrase_twin,quantum_device,15.0,conflicts_ranked_source_terminal,,,11,29,1917acc350c4,44877bc24a9e50ed9d9c9deec434effd9034f726463214cb79f21b5d52e9fb57
item_00536,bundle_0134,format_twin,quantum_device,15.0,conflicts_ranked_source_terminal,,,11,29,63792179ae31,44877bc24a9e50ed9d9c9deec434effd9034f726463214cb79f21b5d52e9fb57
item_00537,bundle_0135,control,quantum_device,15.0,octobench_persistent_hierarchy,,,81,29,f582a84977bc,e9cb534c700724d4e072b5b8168986b0e911b62aa75e396085b2552c30dd3b95
item_00538,bundle_0135,trap,quantum_device,15.0,octobench_persistent_hierarchy,,,81,29,3c4209155187,e9cb534c700724d4e072b5b8168986b0e911b62aa75e396085b2552c30dd3b95
item_00539,bundle_0135,paraphrase_twin,quantum_device,15.0,octobench_persistent_hierarchy,,,81,29,cfb819626818,e9cb534c700724d4e072b5b8168986b0e911b62aa75e396085b2552c30dd3b95
item_00540,bundle_0135,format_twin,quantum_device,15.0,octobench_persistent_hierarchy,,,81,29,4cba94392c0e,e9cb534c700724d4e072b5b8168986b0e911b62aa75e396085b2552c30dd3b95
item_00541,bundle_0136,control,quantum_device,18.0,researchgym_premature_closure,,,20,88,1deb6b404867,ae1b2c829efc6dcf6419d01b246cd93283a6e7f48ac6f33e425275ae0882150d
item_00542,bundle_0136,trap,quantum_device,18.0,researchgym_premature_closure,,,20,88,e7fe28a6a8ee,ae1b2c829efc6dcf6419d01b246cd93283a6e7f48ac6f33e425275ae0882150d
item_00543,bundle_0136,paraphrase_twin,quantum_device,18.0,researchgym_premature_closure,,,20,88,0a0c9404f1ca,ae1b2c829efc6dcf6419d01b246cd93283a6e7f48ac6f33e425275ae0882150d
item_00544,bundle_0136,format_twin,quantum_device,18.0,researchgym_premature_closure,,,20,88,ea07fd306130,ae1b2c829efc6dcf6419d01b246cd93283a6e7f48ac6f33e425275ae0882150d
item_00545,bundle_0137,control,quantum_device,18.0,terminal_correction_conflict,,,68,8,65133361f7cd,5439a3aa7d2ee1c2451b11e6dae924d626f3de74eb988f59563b714d77284981
item_00546,bundle_0137,trap,quantum_device,18.0,terminal_correction_conflict,,,68,8,6da208f59977,5439a3aa7d2ee1c2451b11e6dae924d626f3de74eb988f59563b714d77284981
item_00547,bundle_0137,paraphrase_twin,quantum_device,18.0,terminal_correction_conflict,,,68,8,b47d7fce572f,5439a3aa7d2ee1c2451b11e6dae924d626f3de74eb988f59563b714d77284981
item_00548,bundle_0137,format_twin,quantum_device,18.0,terminal_correction_conflict,,,68,8,2bd12d31c97d,5439a3aa7d2ee1c2451b11e6dae924d626f3de74eb988f59563b714d77284981
item_00549,bundle_0138,control,quantum_device,18.0,omanic_late_hop_checkpoint,,,7,33,cc513e715069,12a05f2e85726922c080dd9d019cde63494180c14df95c721ceed6f3ce6e91ec
item_00550,bundle_0138,trap,quantum_device,18.0,omanic_late_hop_checkpoint,,,7,33,7c30d744857c,12a05f2e85726922c080dd9d019cde63494180c14df95c721ceed6f3ce6e91ec
item_00551,bundle_0138,paraphrase_twin,quantum_device,18.0,omanic_late_hop_checkpoint,,,7,33,e672ba7fd7af,12a05f2e85726922c080dd9d019cde63494180c14df95c721ceed6f3ce6e91ec
item_00552,bundle_0138,format_twin,quantum_device,18.0,omanic_late_hop_checkpoint,,,7,33,5853bd435198,12a05f2e85726922c080dd9d019cde63494180c14df95c721ceed6f3ce6e91ec
item_00553,bundle_0139,control,quantum_device,18.0,octobench_persistent_hierarchy,,,80,19,d160dd0cd482,4c58369ed9471aea447dc8a479890321b554b336f7209ceaa584243a048bc98e
item_00554,bundle_0139,trap,quantum_device,18.0,octobench_persistent_hierarchy,,,80,19,c19b8cb21e43,4c58369ed9471aea447dc8a479890321b554b336f7209ceaa584243a048bc98e
item_00555,bundle_0139,paraphrase_twin,quantum_device,18.0,octobench_persistent_hierarchy,,,80,19,038c2092a6b2,4c58369ed9471aea447dc8a479890321b554b336f7209ceaa584243a048bc98e
item_00556,bundle_0139,format_twin,quantum_device,18.0,octobench_persistent_hierarchy,,,80,19,4291e5586558,4c58369ed9471aea447dc8a479890321b554b336f7209ceaa584243a048bc98e
item_00557,bundle_0140,control,quantum_device,18.0,terminal_correction_conflict,,,84,38,d1943642460d,b9c56e27a9588548f58fcfb7dceedcd461d87843e4b2a006a712535a86cdfce9
item_00558,bundle_0140,trap,quantum_device,18.0,terminal_correction_conflict,,,84,38,a75907ac4bb5,b9c56e27a9588548f58fcfb7dceedcd461d87843e4b2a006a712535a86cdfce9
item_00559,bundle_0140,paraphrase_twin,quantum_device,18.0,terminal_correction_conflict,,,84,38,a02618f24ea4,b9c56e27a9588548f58fcfb7dceedcd461d87843e4b2a006a712535a86cdfce9
item_00560,bundle_0140,format_twin,quantum_device,18.0,terminal_correction_conflict,,,84,38,288111c910c4,b9c56e27a9588548f58fcfb7dceedcd461d87843e4b2a006a712535a86cdfce9
item_00561,bundle_0141,control,quantum_device,18.0,conflicts_ranked_source_terminal,,,77,67,709b2fde21cb,57e174f0b8e2029a4ece19c9122eb4d444ab1fd1f78029fe11e1c433b868f302
item_00562,bundle_0141,trap,quantum_device,18.0,conflicts_ranked_source_terminal,,,77,67,b73a32eaf05d,57e174f0b8e2029a4ece19c9122eb4d444ab1fd1f78029fe11e1c433b868f302
item_00563,bundle_0141,paraphrase_twin,quantum_device,18.0,conflicts_ranked_source_terminal,,,77,67,8c3cb291bf9c,57e174f0b8e2029a4ece19c9122eb4d444ab1fd1f78029fe11e1c433b868f302
item_00564,bundle_0141,format_twin,quantum_device,18.0,conflicts_ranked_source_terminal,,,77,67,197741397c75,57e174f0b8e2029a4ece19c9122eb4d444ab1fd1f78029fe11e1c433b868f302
item_00565,bundle_0142,control,quantum_device,20.0,conflicts_ranked_source_terminal,,,92,72,ceeac8802c52,d67f1707bbd4e44819dc6b1a103d5cd50b2ca41343ebd25d60ddb30c0c560593
item_00566,bundle_0142,trap,quantum_device,20.0,conflicts_ranked_source_terminal,,,92,72,d5770095b2d7,d67f1707bbd4e44819dc6b1a103d5cd50b2ca41343ebd25d60ddb30c0c560593
item_00567,bundle_0142,paraphrase_twin,quantum_device,20.0,conflicts_ranked_source_terminal,,,92,72,67d15635d319,d67f1707bbd4e44819dc6b1a103d5cd50b2ca41343ebd25d60ddb30c0c560593
item_00568,bundle_0142,format_twin,quantum_device,20.0,conflicts_ranked_source_terminal,,,92,72,5bf0a672d720,d67f1707bbd4e44819dc6b1a103d5cd50b2ca41343ebd25d60ddb30c0c560593
item_00569,bundle_0143,control,quantum_device,20.0,terminal_correction_conflict,,,12,57,5b9ddc956f23,bcb7ac980418a61bb9486e8e98d4d51a3542eaa0891d7ab0fd4303ce8e3aeef6
item_00570,bundle_0143,trap,quantum_device,20.0,terminal_correction_conflict,,,12,57,a6b827f146d0,bcb7ac980418a61bb9486e8e98d4d51a3542eaa0891d7ab0fd4303ce8e3aeef6
item_00571,bundle_0143,paraphrase_twin,quantum_device,20.0,terminal_correction_conflict,,,12,57,ec743ae3e783,bcb7ac980418a61bb9486e8e98d4d51a3542eaa0891d7ab0fd4303ce8e3aeef6
item_00572,bundle_0143,format_twin,quantum_device,20.0,terminal_correction_conflict,,,12,57,865dc85a550a,bcb7ac980418a61bb9486e8e98d4d51a3542eaa0891d7ab0fd4303ce8e3aeef6
item_00573,bundle_0144,control,quantum_device,20.0,terminal_correction_conflict,,,65,4,369f47dd6769,026af937b89e00948c6f37371029f70cb95fe3eb92e991a3ca05719e473db102
item_00574,bundle_0144,trap,quantum_device,20.0,terminal_correction_conflict,,,65,4,512fb4eeb805,026af937b89e00948c6f37371029f70cb95fe3eb92e991a3ca05719e473db102
item_00575,bundle_0144,paraphrase_twin,quantum_device,20.0,terminal_correction_conflict,,,65,4,a027cb78483d,026af937b89e00948c6f37371029f70cb95fe3eb92e991a3ca05719e473db102
item_00576,bundle_0144,format_twin,quantum_device,20.0,terminal_correction_conflict,,,65,4,f82c0d46d902,026af937b89e00948c6f37371029f70cb95fe3eb92e991a3ca05719e473db102
